-- phpMyAdmin SQL Dump
-- version 5.0.2
-- https://www.phpmyadmin.net/
--
-- Host: 127.0.0.1
-- Generation Time: Mar 29, 2021 at 06:20 AM
-- Server version: 10.4.11-MariaDB
-- PHP Version: 7.3.18

SET SQL_MODE = "NO_AUTO_VALUE_ON_ZERO";
START TRANSACTION;
SET time_zone = "+00:00";


/*!40101 SET @OLD_CHARACTER_SET_CLIENT=@@CHARACTER_SET_CLIENT */;
/*!40101 SET @OLD_CHARACTER_SET_RESULTS=@@CHARACTER_SET_RESULTS */;
/*!40101 SET @OLD_COLLATION_CONNECTION=@@COLLATION_CONNECTION */;
/*!40101 SET NAMES utf8mb4 */;

--
-- Database: `userapplotto`
--

-- --------------------------------------------------------

--
-- Table structure for table `animals`
--

CREATE TABLE `animals` (
  `id` bigint(20) UNSIGNED NOT NULL,
  `name` varchar(255) COLLATE utf8mb4_unicode_ci NOT NULL,
  `description` varchar(255) COLLATE utf8mb4_unicode_ci NOT NULL,
  `image` varchar(255) COLLATE utf8mb4_unicode_ci NOT NULL,
  `animals_digit` longtext CHARACTER SET utf8mb4 COLLATE utf8mb4_bin DEFAULT NULL CHECK (json_valid(`animals_digit`)),
  `digit` longtext CHARACTER SET utf8mb4 COLLATE utf8mb4_bin NOT NULL CHECK (json_valid(`digit`)),
  `created_at` timestamp NULL DEFAULT NULL,
  `updated_at` timestamp NULL DEFAULT NULL
) ENGINE=InnoDB DEFAULT CHARSET=utf8mb4 COLLATE=utf8mb4_unicode_ci;

--
-- Dumping data for table `animals`
--

INSERT INTO `animals` (`id`, `name`, `description`, `image`, `animals_digit`, `digit`, `created_at`, `updated_at`) VALUES
(1, 'ປານ້ອຍ', 'ປານ້ອຍ', '/storage/animal_image/XzE2MTI1MDAyNTQ=.png', '[\"01\",\"41\",\"81\"]', '[\"301\",\"501\",\"701\",\"801\",\"541\",\"641\",\"741\",\"941\",\"081\",\"181\",\"481\",\"781\"]', '2021-02-05 04:44:14', '2021-02-11 03:50:24'),
(2, 'ຫອຍ', 'ຫອຍ', '/storage/animal_image/XzE2MTI1MDAyNzA=.png', '[\"02\",\"42\",\"82\"]', '[\"002\",\"202\",\"602\",\"902\",\"142\",\"442\",\"542\",\"642\",\"182\",\"382\",\"482\",\"682\"]', '2021-02-05 04:44:30', '2021-02-11 03:52:07'),
(3, 'ຫ່ານ', 'ຫ່ານ', '/storage/animal_image/XzE2MTI1MDAyOTI=.png', '[\"03\",\"43\",\"83\"]', '[\"243\",\"003\",\"443\"]', '2021-02-05 04:44:52', '2021-02-05 04:44:52'),
(4, 'ນົກຍຸງ', 'ນົກຍຸງ', '/storage/animal_image/XzE2MTI1MDAzMzc=.png', '[\"04\",\"44\",\"84\"]', '[\"404\",\"884\",\"004\",\"204\",\"544\"]', '2021-02-05 04:45:37', '2021-02-05 04:45:37'),
(5, 'ສິງ', 'ສິງ', '/storage/animal_image/XzE2MTI1MDAzNTk=.png', '[\"05\",\"45\",\"85\"]', '[\"505\",\"605\",\"545\",\"285\"]', '2021-02-05 04:45:59', '2021-02-05 04:45:59'),
(6, 'ເສືອ', 'ເສືອ', '/storage/animal_image/XzE2MTI1MDU4NjA=.png', '[\"06\",\"46\",\"86\"]', '[\"506\",\"446\",\"886\"]', '2021-02-05 06:17:40', '2021-02-11 03:40:31'),
(7, 'ໝູ', 'ໝູ', '/storage/animal_image/XzE2MTI1MDYwNDg=.png', '[\"07\",\"47\",\"87\"]', '[\"707\",\"447\",\"407\",\"887\"]', '2021-02-05 06:20:48', '2021-02-05 06:20:48'),
(8, 'ກະຕ່າຍ', 'ກະຕ່າຍ', '/storage/animal_image/XzE2MTI1MDYwNjU=.png', '[\"08\",\"48\",\"88\"]', '[\"808\",\"948\",\"388\"]', '2021-02-05 06:21:05', '2021-02-05 06:21:05'),
(9, 'ຄວາຍ', 'ຄວາຍ', '/storage/animal_image/XzE2MTI1MDYxMDA=.png', '[\"09\",\"49\",\"89\"]', '[\"409\",\"889\",\"449\"]', '2021-02-05 06:21:40', '2021-02-05 06:21:40'),
(10, 'ນາກນໍ້າ', 'ນາກນໍ້າ', '/storage/animal_image/XzE2MTI1MDYxMjY=.png', '[\"10\",\"50\",\"90\"]', '[\"410\",\"210\",\"990\"]', '2021-02-05 06:22:06', '2021-02-05 06:22:06'),
(11, 'ໝາ', 'ໝາ', '/storage/animal_image/XzE2MTI1MDYxNDM=.png', '[\"11\",\"51\",\"91\"]', '[\"111\",\"491\",\"551\"]', '2021-02-05 06:22:23', '2021-02-05 06:22:23'),
(12, 'ມ້າ', 'ມ້າ', '/storage/animal_image/XzE2MTI1MDYxNjU=.png', '[\"12\",\"52\",\"92\"]', '[\"112\",\"512\",\"592\",\"552\"]', '2021-02-05 06:22:45', '2021-02-05 06:22:45'),
(13, 'ຊ້າງ', 'ຊ້າງ', '/storage/animal_image/XzE2MTI1MDYxNzk=.png', '[\"13\",\"53\",\"93\"]', '[\"413\",\"653\",\"793\",\"013\"]', '2021-02-05 06:22:59', '2021-02-05 06:22:59'),
(14, 'ແມວບ້ານ', 'ແມວບ້ານ', '/storage/animal_image/XzE2MTI1MDYyMDM=.png', '[\"14\",\"54\",\"94\"]', '[\"114\",\"554\",\"994\"]', '2021-02-05 06:23:23', '2021-02-05 06:23:23'),
(15, 'ໜູ', 'ໜູ', '/storage/animal_image/XzE2MTI1MDYyMzU=.png', '[\"15\",\"55\",\"95\"]', '[\"055\",\"915\"]', '2021-02-05 06:23:55', '2021-02-05 06:23:55'),
(16, 'ເຜິ້ງ', 'ເຜິ້ງ', '/storage/animal_image/XzE2MTI1MDYyNTM=.png', '[\"16\",\"56\",\"96\"]', '[\"516\",\"996\",\"856\"]', '2021-02-05 06:24:13', '2021-02-05 06:24:13'),
(17, 'ນົກຍາງ', 'ນົກຍາງ', '/storage/animal_image/XzE2MTI1MDYyNzI=.png', '[\"17\",\"57\",\"97\"]', '[\"817\",\"457\",\"997\"]', '2021-02-05 06:24:32', '2021-02-05 06:24:32'),
(18, 'ແມວປ່າ', 'ແມວປ່າ', '/storage/animal_image/XzE2MTI1MDYyOTQ=.png', '[\"18\",\"58\",\"98\"]', '[\"558\",\"118\",\"998\"]', '2021-02-05 06:24:54', '2021-02-05 06:24:54'),
(19, 'ແມງກະເບື້ອ', 'ແມງກະເບື້ອ', '/storage/animal_image/XzE2MTI1MDYzMTM=.png', '[\"19\",\"59\",\"99\"]', '[\"559\",\"119\",\"319\"]', '2021-02-05 06:25:13', '2021-02-05 06:25:13'),
(20, 'ຂີ້ເຂັບ', 'ຂີ້ເຂັບ', '/storage/animal_image/XzE2MTI1MDYzMjg=.png', '[\"20\",\"60\",\"00\"]', '[\"220\",\"500\",\"520\",\"660\"]', '2021-02-05 06:25:28', '2021-02-05 06:25:28'),
(21, 'ນົກແອ່ນ', 'ນົກແອ່ນ', '/storage/animal_image/XzE2MTI1MDYzNDk=.png', '[\"21\",\"61\"]', '[\"521\",\"261\"]', '2021-02-05 06:25:49', '2021-02-05 06:25:49'),
(22, 'ນົກກາງແກ', 'ນົກກາງແກ', '/storage/animal_image/XzE2MTI1MDYzNjg=.png', '[\"22\",\"62\"]', '[\"522\",\"962\",\"922\"]', '2021-02-05 06:26:08', '2021-02-05 06:26:08'),
(23, 'ລີງ', 'ລີງ', '/storage/animal_image/XzE2MTI1MDYzODQ=.png', '[\"23\",\"63\"]', '[\"623\",\"523\",\"663\",\"923\"]', '2021-02-05 06:26:24', '2021-02-05 06:26:24'),
(24, 'ກົບ', 'ກົບ', '/storage/animal_image/XzE2MTI1MDY0MDM=.png', '[\"24\",\"64\"]', '[\"524\",\"624\",\"664\",\"024\",\"064\"]', '2021-02-05 06:26:43', '2021-02-05 06:26:43'),
(25, 'ແຫຼວ', 'ແຫຼວ', '/storage/animal_image/XzE2MTI1MDY0MjE=.png', '[\"25\",\"65\"]', '[\"565\",\"225\",\"865\"]', '2021-02-05 06:27:01', '2021-02-05 06:27:01'),
(26, 'ນາກບິນ', 'ນາກບິນ', '/storage/animal_image/XzE2MTI1MDY0MzY=.png', '[\"26\",\"66\"]', '[\"266\",\"826\",\"966\"]', '2021-02-05 06:27:16', '2021-02-05 06:27:16'),
(27, 'ເຕົ່າ', 'ເຕົ່າ', '/storage/animal_image/XzE2MTI1MDY0NTU=.png', '[\"27\",\"67\"]', '[\"827\",\"067\",\"927\"]', '2021-02-05 06:27:35', '2021-02-05 06:27:35'),
(28, 'ໄກ່', 'ໄກ່', '/storage/animal_image/XzE2MTI1MDY0Njk=.png', '[\"28\",\"68\"]', '[\"668\",\"228\",\"968\"]', '2021-02-05 06:27:49', '2021-02-05 06:27:49'),
(29, 'ອ່ຽນ', 'ອ່ຽນ', '/storage/animal_image/XzE2MTI1MDY0ODg=.png', '[\"29\",\"69\"]', '[\"029\",\"869\",\"369\"]', '2021-02-05 06:28:08', '2021-02-05 06:28:08'),
(30, 'ປາໃຫຍ່', 'ປາໃຫຍ່', '/storage/animal_image/XzE2MTI1MDY1MTI=.png', '[\"30\",\"70\"]', '[\"330\",\"970\",\"530\",\"030\"]', '2021-02-05 06:28:32', '2021-02-05 06:28:32'),
(31, 'ກຸ້ງ', 'ກຸ້ງ', '/storage/animal_image/XzE2MTI1MDY1Mjg=.png', '[\"31\",\"71\"]', '[\"731\",\"871\"]', '2021-02-05 06:28:48', '2021-02-05 06:28:48'),
(32, 'ງູ', 'ງູ', '/storage/animal_image/XzE2MTI1MDY1NDU=.png', '[\"32\",\"72\"]', '[\"732\",\"872\"]', '2021-02-05 06:29:05', '2021-02-05 06:29:05'),
(33, 'ແມງມຸມ', 'ແມງມຸມ', '/storage/animal_image/XzE2MTI1MDY1NzI=.png', '[\"33\",\"73\"]', '[\"733\",\"433\",\"873\",\"233\"]', '2021-02-05 06:29:32', '2021-02-05 06:29:32'),
(34, 'ກວາງ', 'ກວາງ', '/storage/animal_image/XzE2MTI1MDY1OTI=.png', '[\"34\",\"74\"]', '[\"774\",\"334\",\"574\"]', '2021-02-05 06:29:52', '2021-02-05 06:29:52'),
(35, 'ແບ້', 'ແບ້', '/storage/animal_image/XzE2MTI1MDY2MDY=.png', '[\"35\",\"75\"]', '[\"535\",\"735\",\"875\"]', '2021-02-05 06:30:06', '2021-02-05 06:30:06'),
(36, 'ເຫງັນ', 'ເຫງັນ', '/storage/animal_image/XzE2MTI1MDY2MzA=.png', '[\"36\",\"76\"]', '[\"736\",\"876\",\"936\"]', '2021-02-05 06:30:30', '2021-02-05 06:30:30'),
(37, 'ຫຼິ່ນ', 'ຫຼິ່ນ', '/storage/animal_image/XzE2MTI1MDY2NDY=.png', '[\"37\",\"77\"]', '[\"837\",\"977\",\"237\",\"077\"]', '2021-02-05 06:30:46', '2021-02-05 06:30:46'),
(38, 'ເໝັ້ນ', 'ເໝັ້ນ', '/storage/animal_image/XzE2MTI1MDY2Njg=.png', '[\"38\",\"78\"]', '[\"538\",\"738\",\"778\",\"678\"]', '2021-02-05 06:31:08', '2021-02-05 06:31:08'),
(39, 'ກະປູ', 'ກະປູ', '/storage/animal_image/XzE2MTI1MDY3MDk=.png', '[\"39\",\"79\"]', '[\"339\",\"779\"]', '2021-02-05 06:31:49', '2021-02-05 06:31:49'),
(40, 'ນົກອິນຊີ', 'ນົກອິນຊີ', '/storage/animal_image/XzE2MTI1MDY3MjM=.png', '[\"40\",\"80\"]', '[\"540\",\"380\",\"980\",\"780\"]', '2021-02-05 06:32:03', '2021-02-05 06:32:03');

-- --------------------------------------------------------

--
-- Table structure for table `animal_nos`
--

CREATE TABLE `animal_nos` (
  `id` bigint(20) UNSIGNED NOT NULL,
  `animal_digit` varchar(255) COLLATE utf8mb4_unicode_ci NOT NULL,
  `animal_id` bigint(20) UNSIGNED NOT NULL,
  `created_at` timestamp NULL DEFAULT NULL,
  `updated_at` timestamp NULL DEFAULT NULL
) ENGINE=InnoDB DEFAULT CHARSET=utf8mb4 COLLATE=utf8mb4_unicode_ci;

--
-- Dumping data for table `animal_nos`
--

INSERT INTO `animal_nos` (`id`, `animal_digit`, `animal_id`, `created_at`, `updated_at`) VALUES
(1, '01', 1, '2021-02-05 04:44:14', '2021-02-05 04:44:14'),
(2, '41', 1, '2021-02-05 04:44:14', '2021-02-05 04:44:14'),
(3, '81', 1, '2021-02-05 04:44:14', '2021-02-05 04:44:14'),
(4, '02', 2, '2021-02-05 04:44:30', '2021-02-05 04:44:30'),
(5, '42', 2, '2021-02-05 04:44:30', '2021-02-05 04:44:30'),
(6, '82', 2, '2021-02-05 04:44:30', '2021-02-05 04:44:30'),
(7, '03', 3, '2021-02-05 04:44:52', '2021-02-05 04:44:52'),
(8, '43', 3, '2021-02-05 04:44:52', '2021-02-05 04:44:52'),
(9, '83', 3, '2021-02-05 04:44:52', '2021-02-05 04:44:52'),
(10, '04', 4, '2021-02-05 04:45:37', '2021-02-05 04:45:37'),
(11, '44', 4, '2021-02-05 04:45:37', '2021-02-05 04:45:37'),
(12, '84', 4, '2021-02-05 04:45:37', '2021-02-05 04:45:37'),
(13, '05', 5, '2021-02-05 04:45:59', '2021-02-05 04:45:59'),
(14, '45', 5, '2021-02-05 04:45:59', '2021-02-05 04:45:59'),
(15, '85', 5, '2021-02-05 04:45:59', '2021-02-05 04:45:59'),
(16, '06', 6, '2021-02-05 06:17:40', '2021-02-05 06:17:40'),
(17, '46', 6, '2021-02-05 06:17:40', '2021-02-05 06:17:40'),
(18, '86', 6, '2021-02-05 06:17:40', '2021-02-05 06:17:40'),
(19, '07', 7, '2021-02-05 06:20:48', '2021-02-05 06:20:48'),
(20, '47', 7, '2021-02-05 06:20:48', '2021-02-05 06:20:48'),
(21, '87', 7, '2021-02-05 06:20:48', '2021-02-05 06:20:48'),
(22, '08', 8, '2021-02-05 06:21:05', '2021-02-05 06:21:05'),
(23, '48', 8, '2021-02-05 06:21:05', '2021-02-05 06:21:05'),
(24, '88', 8, '2021-02-05 06:21:05', '2021-02-05 06:21:05'),
(25, '09', 9, '2021-02-05 06:21:40', '2021-02-05 06:21:40'),
(26, '49', 9, '2021-02-05 06:21:40', '2021-02-05 06:21:40'),
(27, '89', 9, '2021-02-05 06:21:40', '2021-02-05 06:21:40'),
(28, '10', 10, '2021-02-05 06:22:06', '2021-02-05 06:22:06'),
(29, '50', 10, '2021-02-05 06:22:06', '2021-02-05 06:22:06'),
(30, '90', 10, '2021-02-05 06:22:06', '2021-02-05 06:22:06'),
(31, '11', 11, '2021-02-05 06:22:23', '2021-02-05 06:22:23'),
(32, '51', 11, '2021-02-05 06:22:23', '2021-02-05 06:22:23'),
(33, '91', 11, '2021-02-05 06:22:23', '2021-02-05 06:22:23'),
(34, '12', 12, '2021-02-05 06:22:45', '2021-02-05 06:22:45'),
(35, '52', 12, '2021-02-05 06:22:45', '2021-02-05 06:22:45'),
(36, '92', 12, '2021-02-05 06:22:45', '2021-02-05 06:22:45'),
(37, '13', 13, '2021-02-05 06:22:59', '2021-02-05 06:22:59'),
(38, '53', 13, '2021-02-05 06:22:59', '2021-02-05 06:22:59'),
(39, '93', 13, '2021-02-05 06:22:59', '2021-02-05 06:22:59'),
(40, '14', 14, '2021-02-05 06:23:23', '2021-02-05 06:23:23'),
(41, '54', 14, '2021-02-05 06:23:23', '2021-02-05 06:23:23'),
(42, '94', 14, '2021-02-05 06:23:23', '2021-02-05 06:23:23'),
(43, '15', 15, '2021-02-05 06:23:55', '2021-02-05 06:23:55'),
(44, '55', 15, '2021-02-05 06:23:55', '2021-02-05 06:23:55'),
(45, '95', 15, '2021-02-05 06:23:55', '2021-02-05 06:23:55'),
(46, '16', 16, '2021-02-05 06:24:13', '2021-02-05 06:24:13'),
(47, '56', 16, '2021-02-05 06:24:13', '2021-02-05 06:24:13'),
(48, '96', 16, '2021-02-05 06:24:13', '2021-02-05 06:24:13'),
(49, '17', 17, '2021-02-05 06:24:32', '2021-02-05 06:24:32'),
(50, '57', 17, '2021-02-05 06:24:32', '2021-02-05 06:24:32'),
(51, '97', 17, '2021-02-05 06:24:32', '2021-02-05 06:24:32'),
(52, '18', 18, '2021-02-05 06:24:54', '2021-02-05 06:24:54'),
(53, '58', 18, '2021-02-05 06:24:54', '2021-02-05 06:24:54'),
(54, '98', 18, '2021-02-05 06:24:54', '2021-02-05 06:24:54'),
(55, '19', 19, '2021-02-05 06:25:13', '2021-02-05 06:25:13'),
(56, '59', 19, '2021-02-05 06:25:13', '2021-02-05 06:25:13'),
(57, '99', 19, '2021-02-05 06:25:13', '2021-02-05 06:25:13'),
(58, '20', 20, '2021-02-05 06:25:28', '2021-02-05 06:25:28'),
(59, '60', 20, '2021-02-05 06:25:28', '2021-02-05 06:25:28'),
(60, '00', 20, '2021-02-05 06:25:28', '2021-02-05 06:25:28'),
(61, '21', 21, '2021-02-05 06:25:49', '2021-02-05 06:25:49'),
(62, '61', 21, '2021-02-05 06:25:49', '2021-02-05 06:25:49'),
(63, '22', 22, '2021-02-05 06:26:08', '2021-02-05 06:26:08'),
(64, '62', 22, '2021-02-05 06:26:08', '2021-02-05 06:26:08'),
(65, '23', 23, '2021-02-05 06:26:24', '2021-02-05 06:26:24'),
(66, '63', 23, '2021-02-05 06:26:24', '2021-02-05 06:26:24'),
(67, '24', 24, '2021-02-05 06:26:43', '2021-02-05 06:26:43'),
(68, '64', 24, '2021-02-05 06:26:43', '2021-02-05 06:26:43'),
(69, '25', 25, '2021-02-05 06:27:01', '2021-02-05 06:27:01'),
(70, '65', 25, '2021-02-05 06:27:01', '2021-02-05 06:27:01'),
(71, '26', 26, '2021-02-05 06:27:16', '2021-02-05 06:27:16'),
(72, '66', 26, '2021-02-05 06:27:16', '2021-02-05 06:27:16'),
(73, '27', 27, '2021-02-05 06:27:35', '2021-02-05 06:27:35'),
(74, '67', 27, '2021-02-05 06:27:35', '2021-02-05 06:27:35'),
(75, '28', 28, '2021-02-05 06:27:49', '2021-02-05 06:27:49'),
(76, '68', 28, '2021-02-05 06:27:49', '2021-02-05 06:27:49'),
(77, '29', 29, '2021-02-05 06:28:08', '2021-02-05 06:28:08'),
(78, '69', 29, '2021-02-05 06:28:08', '2021-02-05 06:28:08'),
(79, '30', 30, '2021-02-05 06:28:32', '2021-02-05 06:28:32'),
(80, '70', 30, '2021-02-05 06:28:32', '2021-02-05 06:28:32'),
(81, '31', 31, '2021-02-05 06:28:48', '2021-02-05 06:28:48'),
(82, '71', 31, '2021-02-05 06:28:48', '2021-02-05 06:28:48'),
(83, '32', 32, '2021-02-05 06:29:05', '2021-02-05 06:29:05'),
(84, '72', 32, '2021-02-05 06:29:05', '2021-02-05 06:29:05'),
(85, '33', 33, '2021-02-05 06:29:32', '2021-02-05 06:29:32'),
(86, '73', 33, '2021-02-05 06:29:32', '2021-02-05 06:29:32'),
(87, '34', 34, '2021-02-05 06:29:52', '2021-02-05 06:29:52'),
(88, '74', 34, '2021-02-05 06:29:52', '2021-02-05 06:29:52'),
(89, '35', 35, '2021-02-05 06:30:06', '2021-02-05 06:30:06'),
(90, '75', 35, '2021-02-05 06:30:06', '2021-02-05 06:30:06'),
(91, '36', 36, '2021-02-05 06:30:30', '2021-02-05 06:30:30'),
(92, '76', 36, '2021-02-05 06:30:30', '2021-02-05 06:30:30'),
(93, '37', 37, '2021-02-05 06:30:46', '2021-02-05 06:30:46'),
(94, '77', 37, '2021-02-05 06:30:46', '2021-02-05 06:30:46'),
(95, '38', 38, '2021-02-05 06:31:08', '2021-02-05 06:31:08'),
(96, '78', 38, '2021-02-05 06:31:08', '2021-02-05 06:31:08'),
(97, '39', 39, '2021-02-05 06:31:49', '2021-02-05 06:31:49'),
(98, '79', 39, '2021-02-05 06:31:49', '2021-02-05 06:31:49'),
(99, '40', 40, '2021-02-05 06:32:03', '2021-02-05 06:32:03'),
(100, '80', 40, '2021-02-05 06:32:03', '2021-02-05 06:32:03');

-- --------------------------------------------------------

--
-- Table structure for table `billorder2d3d4d5d6ds`
--

CREATE TABLE `billorder2d3d4d5d6ds` (
  `id` bigint(20) UNSIGNED NOT NULL,
  `digit` varchar(255) COLLATE utf8mb4_unicode_ci NOT NULL,
  `money` double NOT NULL,
  `order_id` bigint(20) UNSIGNED NOT NULL,
  `type_win` int(11) DEFAULT NULL,
  `status_buy` int(11) NOT NULL DEFAULT 0,
  `created_at` timestamp NULL DEFAULT NULL,
  `updated_at` timestamp NULL DEFAULT NULL
) ENGINE=InnoDB DEFAULT CHARSET=utf8mb4 COLLATE=utf8mb4_unicode_ci;

--
-- Dumping data for table `billorder2d3d4d5d6ds`
--

INSERT INTO `billorder2d3d4d5d6ds` (`id`, `digit`, `money`, `order_id`, `type_win`, `status_buy`, `created_at`, `updated_at`) VALUES
(973, '74', 7000, 377, NULL, 0, '2021-03-23 02:48:55', '2021-03-23 02:48:55'),
(974, '791', 5000, 377, NULL, 0, '2021-03-23 02:48:55', '2021-03-23 02:48:55'),
(975, '1008', 50000, 377, NULL, 0, '2021-03-23 02:48:55', '2021-03-23 02:48:57'),
(976, '78789', 2000, 377, NULL, 0, '2021-03-23 02:48:55', '2021-03-23 02:48:57'),
(977, '323232', 1000, 377, NULL, 0, '2021-03-23 02:48:55', '2021-03-23 02:48:57'),
(978, '74', 100000, 378, NULL, 0, '2021-03-23 02:50:09', '2021-03-23 02:50:09'),
(979, '6691', 5000, 378, NULL, 0, '2021-03-23 02:50:09', '2021-03-23 02:50:09'),
(980, '2008', 50000, 378, NULL, 0, '2021-03-23 02:50:09', '2021-03-23 02:50:10'),
(981, '787892', 1000, 378, NULL, 0, '2021-03-23 02:50:09', '2021-03-23 02:50:10'),
(982, '923232', 1000, 378, NULL, 0, '2021-03-23 02:50:09', '2021-03-23 02:50:10'),
(983, '74', 100000, 379, NULL, 0, '2021-03-23 02:50:28', '2021-03-23 02:50:28'),
(984, '6691', 5000, 379, NULL, 0, '2021-03-23 02:50:28', '2021-03-23 02:50:28'),
(985, '2008', 0, 379, NULL, 0, '2021-03-23 02:50:28', '2021-03-23 02:50:30'),
(986, '787892', 0, 379, NULL, 0, '2021-03-23 02:50:28', '2021-03-23 02:50:30'),
(987, '923232', 0, 379, NULL, 0, '2021-03-23 02:50:28', '2021-03-23 02:50:30'),
(988, '923232', 0, 380, NULL, 0, '2021-03-23 02:55:19', '2021-03-23 02:55:20'),
(989, '722', 10000, 382, 3, 0, '2021-03-23 03:28:27', '2021-03-23 03:32:19'),
(990, '455575', 1000, 382, NULL, 0, '2021-03-23 03:28:27', '2021-03-23 03:28:28'),
(991, '31769', 2000, 382, NULL, 0, '2021-03-23 03:28:27', '2021-03-23 03:28:28'),
(992, '2222', 5000, 382, NULL, 0, '2021-03-23 03:28:27', '2021-03-23 03:28:27'),
(993, '333333', 1000, 382, NULL, 0, '2021-03-23 03:28:27', '2021-03-23 03:28:28'),
(994, '15555', 2000, 382, NULL, 0, '2021-03-23 03:28:27', '2021-03-23 03:28:28'),
(995, '241183', 1000, 382, NULL, 0, '2021-03-23 03:28:27', '2021-03-23 03:28:27'),
(996, '49656', 1000, 382, NULL, 0, '2021-03-23 03:28:27', '2021-03-23 03:28:27'),
(997, '675994', 1000, 382, NULL, 0, '2021-03-23 03:28:27', '2021-03-23 03:28:27'),
(998, '80826', 1000, 382, NULL, 0, '2021-03-23 03:28:27', '2021-03-23 03:28:27'),
(999, '77483', 1000, 382, NULL, 0, '2021-03-23 03:28:27', '2021-03-23 03:28:27'),
(1000, '123123', 1000, 382, NULL, 0, '2021-03-23 03:28:27', '2021-03-23 03:28:27'),
(1001, '8157', 50000, 384, NULL, 0, '2021-03-23 03:45:57', '2021-03-23 03:45:57'),
(1002, '97096', 2000, 384, NULL, 0, '2021-03-23 03:45:57', '2021-03-23 03:45:59'),
(1003, '251721', 1000, 384, NULL, 0, '2021-03-23 03:45:57', '2021-03-23 03:45:59'),
(1004, '18387', 2000, 384, NULL, 0, '2021-03-23 03:45:57', '2021-03-23 03:45:59'),
(1005, '9973', 50000, 384, NULL, 0, '2021-03-23 03:45:57', '2021-03-23 03:45:57'),
(1006, '62513', 2000, 384, NULL, 0, '2021-03-23 03:45:57', '2021-03-23 03:45:59'),
(1007, '251721', 0, 385, NULL, 0, '2021-03-23 03:47:35', '2021-03-23 03:47:36'),
(1008, '251721', 0, 386, NULL, 0, '2021-03-23 03:47:51', '2021-03-23 03:47:53'),
(1009, '369117', 1000, 386, NULL, 0, '2021-03-23 03:47:51', '2021-03-23 03:47:51'),
(1010, '159485', 1000, 387, NULL, 0, '2021-03-23 03:51:52', '2021-03-23 03:51:52'),
(1011, '41333', 1000, 387, NULL, 0, '2021-03-23 03:51:52', '2021-03-23 03:51:52'),
(1012, '691434', 1000, 388, NULL, 0, '2021-03-23 04:42:58', '2021-03-23 04:43:00'),
(1013, '551907', 1000, 388, NULL, 0, '2021-03-23 04:42:58', '2021-03-23 04:43:00'),
(1014, '947207', 1000, 388, NULL, 0, '2021-03-23 04:42:58', '2021-03-23 04:43:00'),
(1015, '944759', 1000, 388, NULL, 0, '2021-03-23 04:42:58', '2021-03-23 04:43:00'),
(1016, '467237', 1000, 388, NULL, 0, '2021-03-23 04:42:58', '2021-03-23 04:43:00'),
(1017, '824337', 1000, 388, NULL, 0, '2021-03-23 04:42:58', '2021-03-23 04:43:00'),
(1018, '565859', 1000, 388, NULL, 0, '2021-03-23 04:42:58', '2021-03-23 04:43:00'),
(1019, '100020', 1000, 388, NULL, 0, '2021-03-23 04:42:58', '2021-03-23 04:43:00'),
(1020, '686922', 1000, 388, NULL, 0, '2021-03-23 04:42:58', '2021-03-23 04:43:00'),
(1021, '994058', 1000, 388, NULL, 0, '2021-03-23 04:42:58', '2021-03-23 04:43:00'),
(1022, '426679', 1000, 388, NULL, 0, '2021-03-23 04:42:58', '2021-03-23 04:43:00'),
(1023, '137681', 1000, 388, NULL, 0, '2021-03-23 04:42:58', '2021-03-23 04:43:00'),
(1024, '923232', 0, 391, NULL, 0, '2021-03-24 06:25:29', '2021-03-24 06:25:31'),
(1025, '923232', 0, 392, NULL, 0, '2021-03-24 06:32:26', '2021-03-24 06:32:28'),
(1026, '923232', 0, 393, NULL, 0, '2021-03-24 06:32:49', '2021-03-24 06:32:51'),
(1027, '9232', 50000, 393, NULL, 2, '2021-03-24 06:32:49', '2021-03-24 06:32:51'),
(1028, '923232', 0, 394, NULL, 0, '2021-03-24 06:35:11', '2021-03-24 06:35:12'),
(1029, '1232', 50000, 394, NULL, 2, '2021-03-24 06:35:11', '2021-03-24 06:35:12'),
(1030, '92323', 2000, 395, NULL, 2, '2021-03-24 06:42:16', '2021-03-24 06:42:18'),
(1031, '1232', 0, 395, NULL, 0, '2021-03-24 06:42:16', '2021-03-24 06:42:18'),
(1032, '92323', 0, 396, NULL, 0, '2021-03-24 06:42:28', '2021-03-24 06:42:30'),
(1033, '12320', 2000, 396, NULL, 2, '2021-03-24 06:42:28', '2021-03-24 06:42:30'),
(1034, '923', 100000, 397, NULL, 1, '2021-03-24 06:42:45', '2021-03-24 06:42:47'),
(1035, '1320', 50000, 397, NULL, 2, '2021-03-24 06:42:45', '2021-03-24 06:42:47'),
(1036, '923', 100000, 398, NULL, 1, '2021-03-24 06:45:06', '2021-03-24 06:45:06'),
(1037, '320', 100000, 398, NULL, 1, '2021-03-24 06:45:06', '2021-03-24 06:45:06'),
(1038, '923', 100000, 400, NULL, 1, '2021-03-25 06:22:13', '2021-03-25 06:22:13'),
(1039, '320', 100000, 400, NULL, 1, '2021-03-25 06:22:13', '2021-03-25 06:22:13');

-- --------------------------------------------------------

--
-- Table structure for table `billorder340s`
--

CREATE TABLE `billorder340s` (
  `id` bigint(20) UNSIGNED NOT NULL,
  `animal1` varchar(255) COLLATE utf8mb4_unicode_ci NOT NULL,
  `animal2` varchar(255) COLLATE utf8mb4_unicode_ci DEFAULT NULL,
  `animal3` varchar(255) COLLATE utf8mb4_unicode_ci DEFAULT NULL,
  `digit` longtext CHARACTER SET utf8mb4 COLLATE utf8mb4_bin NOT NULL CHECK (json_valid(`digit`)),
  `money` double NOT NULL,
  `order_id` bigint(20) UNSIGNED NOT NULL,
  `type_win` int(11) DEFAULT NULL,
  `status_buy` int(11) NOT NULL DEFAULT 0,
  `created_at` timestamp NULL DEFAULT NULL,
  `updated_at` timestamp NULL DEFAULT NULL
) ENGINE=InnoDB DEFAULT CHARSET=utf8mb4 COLLATE=utf8mb4_unicode_ci;

--
-- Dumping data for table `billorder340s`
--

INSERT INTO `billorder340s` (`id`, `animal1`, `animal2`, `animal3`, `digit`, `money`, `order_id`, `type_win`, `status_buy`, `created_at`, `updated_at`) VALUES
(201, '10', '11', '12', '\"10,11,12\"', 5000, 381, NULL, 0, '2021-03-23 03:08:27', '2021-03-23 03:08:27'),
(202, '17', '18', '19', '\"17,18,19\"', 5000, 381, NULL, 0, '2021-03-23 03:08:27', '2021-03-23 03:08:27'),
(203, '06', '10', '14', '\"06,10,14\"', 5000, 381, NULL, 0, '2021-03-23 03:08:27', '2021-03-23 03:08:27'),
(204, '10', '14', '15', '\"10,14,15\"', 5000, 381, NULL, 0, '2021-03-23 03:08:27', '2021-03-23 03:08:27'),
(205, '06', '07', '08', '\"06,07,08\"', 2000, 383, 3, 0, '2021-03-23 03:30:45', '2021-03-23 03:32:19'),
(206, '06', '11', '15', '\"06,11,15\"', 2000, 383, NULL, 0, '2021-03-23 03:30:45', '2021-03-23 03:30:45'),
(207, '10', '14', NULL, '\"10,14\"', 2000, 383, NULL, 0, '2021-03-23 03:30:45', '2021-03-23 03:30:45'),
(208, '15', NULL, NULL, '\"15\"', 2000, 383, NULL, 0, '2021-03-23 03:30:45', '2021-03-23 03:30:45'),
(209, '14', '15', '19', '\"14,15,19\"', 1000, 389, NULL, 0, '2021-03-23 04:53:10', '2021-03-23 04:53:10'),
(210, '15', '16', '19', '\"15,16,19\"', 1000, 390, NULL, 0, '2021-03-23 04:54:06', '2021-03-23 04:54:06'),
(211, '27', NULL, NULL, '\"27\"', 1000, 390, NULL, 0, '2021-03-23 04:54:06', '2021-03-23 04:54:06'),
(212, '30', '12', NULL, '\"30,12\"', 2000, 399, NULL, 1, '2021-03-24 06:45:35', '2021-03-24 06:45:35'),
(213, '30', '11', NULL, '\"30,11\"', 9000, 399, NULL, 1, '2021-03-24 06:45:35', '2021-03-24 06:45:35');

-- --------------------------------------------------------

--
-- Table structure for table `bills`
--

CREATE TABLE `bills` (
  `id` bigint(20) UNSIGNED NOT NULL,
  `customer_id` bigint(20) UNSIGNED NOT NULL,
  `bill_number` double NOT NULL,
  `draw` int(11) NOT NULL,
  `type` varchar(191) COLLATE utf8mb4_unicode_ci NOT NULL,
  `digit` longtext CHARACTER SET utf8mb4 COLLATE utf8mb4_bin NOT NULL CHECK (json_valid(`digit`)),
  `money` double NOT NULL,
  `status_win` tinyint(1) NOT NULL DEFAULT 0,
  `type_win` int(11) NOT NULL DEFAULT 0,
  `total_win` double NOT NULL DEFAULT 0,
  `created_at` timestamp NULL DEFAULT NULL,
  `updated_at` timestamp NULL DEFAULT NULL
) ENGINE=InnoDB DEFAULT CHARSET=utf8mb4 COLLATE=utf8mb4_unicode_ci;

--
-- Dumping data for table `bills`
--

INSERT INTO `bills` (`id`, `customer_id`, `bill_number`, `draw`, `type`, `digit`, `money`, `status_win`, `type_win`, `total_win`, `created_at`, `updated_at`) VALUES
(1, 1, 8234558, 5, '3/40', '[\"11\",\"12\",\"13\"]', 10000, 0, 0, 0, '2021-02-10 01:57:23', '2021-02-11 02:48:04'),
(3, 1, 8234559, 5, '3/40', '[\"11\",\"12\"]', 10000, 0, 0, 0, '2021-02-10 01:58:17', '2021-02-11 02:48:04'),
(4, 1, 8234560, 5, '3/40', '[\"11\",\"13\"]', 10000, 0, 0, 0, '2021-02-10 01:59:29', '2021-02-11 02:48:04'),
(5, 1, 8234561, 5, '3/40', '[\"11\"]', 10000, 0, 0, 0, '2021-02-10 02:00:05', '2021-02-11 02:48:04'),
(6, 1, 8234546, 5, '2d3d4d5d6d', '[\"0051\"]', 2000, 0, 0, 0, '2021-02-10 02:47:58', '2021-02-11 02:48:04'),
(7, 1, 8234547, 5, '2d3d4d5d6d', '[\"0052\"]', 10000, 0, 0, 0, '2021-02-10 02:48:30', '2021-02-10 03:21:37'),
(8, 1, 8234549, 5, '2d3d4d5d6d', '[\"0058\"]', 10000, 0, 0, 0, '2021-02-11 01:56:51', '2021-02-11 01:56:51'),
(9, 1, 8234562, 5, '3/40', '[\"11\",\"14\"]', 10000, 0, 0, 0, '2021-02-11 02:30:32', '2021-02-11 02:30:32'),
(10, 1, 8234563, 5, '3/40', '[\"11\",\"14\"]', 10000, 0, 0, 0, '2021-02-11 02:34:32', '2021-02-11 02:34:32'),
(11, 1, 8234564, 5, '3/40', '[\"11\",\"14\"]', 10000, 0, 0, 0, '2021-02-11 02:40:39', '2021-02-11 02:40:39'),
(12, 1, 8234567, 5, '3/40', '[\"11\",\"14\",\"18\"]', 10000, 0, 0, 0, '2021-02-11 02:40:57', '2021-02-11 02:40:57'),
(13, 1, 8234550, 5, '2d3d4d5d6d', '[\"00\"]', 10000, 0, 0, 0, '2021-02-11 02:41:28', '2021-02-11 02:41:28'),
(14, 1, 8234551, 5, '2d3d4d5d6d', '[\"01\"]', 10000, 0, 0, 0, '2021-02-11 02:42:04', '2021-02-11 02:42:04'),
(15, 1, 8234552, 5, '2d3d4d5d6d', '[\"02\"]', 10000, 0, 0, 0, '2021-02-11 02:42:12', '2021-02-11 02:42:12'),
(16, 1, 8234553, 5, '2d3d4d5d6d', '[\"03\"]', 10000, 0, 0, 0, '2021-02-11 02:42:23', '2021-02-11 02:42:23'),
(17, 1, 8234554, 6, '2d3d4d5d6d', '[\"03\"]', 10000, 0, 0, 0, '2021-02-11 02:49:25', '2021-02-11 02:49:25'),
(18, 1, 8234555, 6, '2d3d4d5d6d', '[\"00\"]', 10000, 0, 0, 0, '2021-02-11 02:49:38', '2021-02-11 11:23:49'),
(19, 1, 8234556, 6, '2d3d4d5d6d', '[\"000\"]', 50000, 0, 0, 0, '2021-02-11 02:50:16', '2021-02-11 11:23:49'),
(20, 1, 8234557, 6, '2d3d4d5d6d', '[\"002\"]', 50000, 0, 0, 0, '2021-02-11 02:50:23', '2021-02-11 02:50:23'),
(21, 1, 8234568, 6, '3/40', '[\"11\",\"14\",\"18\"]', 10000, 0, 0, 0, '2021-02-11 02:50:36', '2021-02-11 02:50:36'),
(22, 1, 8234569, 6, '3/40', '[\"11\",\"01\"]', 10000, 0, 0, 0, '2021-02-11 02:50:55', '2021-02-11 11:23:49'),
(23, 1, 8234570, 6, '3/40', '[\"11\",\"01\",\"02\"]', 10000, 0, 0, 0, '2021-02-11 02:51:07', '2021-02-11 11:23:49'),
(24, 1, 8234571, 6, '3/40', '[\"11\",\"01\",\"02\"]', 20000, 0, 0, 0, '2021-02-11 02:51:18', '2021-02-11 11:23:49'),
(25, 1, 8234572, 6, '3/40', '[\"11\"]', 20000, 0, 0, 0, '2021-02-11 02:51:26', '2021-02-11 11:23:49'),
(26, 1, 8234573, 6, '3/40', '[\"40\"]', 20000, 0, 0, 0, '2021-02-11 03:58:59', '2021-02-11 03:58:59'),
(27, 1, 8234510, 6, '2d3d4d5d6d', '[\"040\"]', 50000, 0, 0, 0, '2021-02-11 03:59:26', '2021-02-11 03:59:26'),
(28, 1, 8234511, 6, '2d3d4d5d6d', '[\"041\"]', 50000, 0, 0, 0, '2021-02-11 03:59:34', '2021-02-11 03:59:34'),
(29, 1, 8234512, 7, '2d3d4d5d6d', '[\"041\"]', 50000, 0, 0, 0, '2021-02-11 06:58:08', '2021-02-11 06:58:08'),
(30, 1, 8234513, 7, '2d3d4d5d6d', '[\"042\"]', 50000, 0, 0, 0, '2021-02-11 06:58:20', '2021-02-12 04:03:46'),
(31, 1, 8234574, 7, '3/40', '[\"40\"]', 20000, 0, 0, 0, '2021-02-11 06:58:31', '2021-02-12 04:03:46'),
(32, 1, 9234511, 7, '2d3d4d5d6d', '[\"042\"]', 50000, 0, 0, 0, '2021-02-11 07:35:41', '2021-02-12 04:03:46'),
(33, 1, 9234512, 7, '2d3d4d5d6d', '[\"42\"]', 50000, 0, 0, 0, '2021-02-11 07:35:48', '2021-02-12 04:03:46'),
(34, 1, 9234513, 7, '2d3d4d5d6d', '[\"425\"]', 50000, 0, 0, 0, '2021-02-11 07:35:58', '2021-02-11 07:35:58'),
(35, 1, 9234514, 7, '2d3d4d5d6d', '[\"425012\"]', 50000, 0, 0, 0, '2021-02-11 07:36:09', '2021-02-11 07:36:09'),
(36, 1, 9234515, 7, '2d3d4d5d6d', '[\"125012\"]', 50000, 0, 0, 0, '2021-02-11 07:36:19', '2021-02-11 07:36:19'),
(37, 1, 8234576, 7, '3/40', '[\"30\"]', 20000, 0, 0, 0, '2021-02-11 07:36:37', '2021-02-11 07:36:37'),
(38, 1, 8234578, 7, '3/40', '[\"30\",\"20\",\"11\"]', 20000, 0, 0, 0, '2021-02-11 07:36:55', '2021-02-11 07:36:55'),
(39, 1, 8234579, 7, '3/40', '[\"20\",\"11\"]', 20000, 0, 0, 0, '2021-02-11 07:37:03', '2021-02-11 07:37:03'),
(40, 1, 8234580, 7, '3/40', '[\"20\",\"12\"]', 20000, 0, 0, 0, '2021-02-11 07:37:11', '2021-02-11 07:37:11'),
(41, 1, 8234581, 7, '3/40', '[\"12\"]', 20000, 0, 0, 0, '2021-02-11 07:37:24', '2021-02-11 07:37:24'),
(42, 1, 8234582, 7, '3/40', '[\"15\"]', 20000, 0, 0, 0, '2021-02-11 07:37:35', '2021-02-11 07:37:35'),
(43, 1, 9234516, 7, '2d3d4d5d6d', '[\"125012\"]', 50000, 0, 0, 0, '2021-02-12 04:13:18', '2021-02-12 04:13:18'),
(44, 1, 9234517, 7, '2d3d4d5d6d', '[\"125012\"]', 50000, 0, 0, 0, '2021-02-12 04:14:11', '2021-02-12 04:14:11'),
(45, 1, 9234518, 7, '2d3d4d5d6d', '[\"125012\"]', 50000, 0, 0, 0, '2021-02-12 04:14:55', '2021-02-12 04:14:55'),
(46, 1, 9234519, 7, '2d3d4d5d6d', '[\"125012\"]', 50000, 0, 0, 0, '2021-02-12 04:17:03', '2021-02-12 04:17:03'),
(47, 1, 9234520, 7, '2d3d4d5d6d', '[\"125012\"]', 50000, 0, 0, 0, '2021-02-12 04:18:05', '2021-02-12 04:18:05'),
(48, 1, 9234521, 7, '2d3d4d5d6d', '[\"125012\"]', 50000, 0, 0, 0, '2021-02-12 04:36:46', '2021-02-12 04:36:46'),
(55, 1, 81936802, 8, '2d3d4d5d6d', '[\"789\"]', 2000, 0, 0, 0, '2021-02-12 08:13:52', '2021-02-12 08:13:52'),
(56, 1, 54244505, 8, '2d3d4d5d6d', '[\"098231\"]', 2000, 0, 0, 0, '2021-02-12 08:14:38', '2021-02-12 08:14:38'),
(57, 1, 49030500, 8, '2d3d4d5d6d', '[\"098231\"]', 2000, 0, 0, 0, '2021-02-12 08:15:00', '2021-02-12 08:15:00'),
(58, 1, 92559774, 8, '2d3d4d5d6d', '[\"987654\"]', 1000, 0, 0, 0, '2021-02-12 08:15:47', '2021-02-12 08:15:47'),
(59, 1, 97553298, 8, '3/40', '[\"12\",\"13\",\"14\"]', 2000, 0, 0, 0, '2021-02-12 08:39:09', '2021-02-12 08:39:09'),
(60, 1, 77020514, 8, '3/40', '[\"12\",\"13\",\"14\"]', 2000, 0, 0, 0, '2021-02-12 08:39:20', '2021-02-12 08:39:20'),
(61, 1, 54355105, 8, '3/40', '[\"12\",\"22\",\"14\"]', 10000, 0, 0, 0, '2021-02-12 08:40:07', '2021-02-12 08:40:07'),
(62, 5, 57546859, 8, '2d3d4d5d6d', '[\"12\"]', 2000, 0, 0, 0, '2021-02-17 03:52:42', '2021-02-17 03:52:42');

-- --------------------------------------------------------

--
-- Table structure for table `bill_orders`
--

CREATE TABLE `bill_orders` (
  `id` bigint(20) UNSIGNED NOT NULL,
  `customer_id` bigint(20) UNSIGNED NOT NULL,
  `bill_number` double DEFAULT NULL,
  `draw` int(11) NOT NULL,
  `type` varchar(255) COLLATE utf8mb4_unicode_ci NOT NULL,
  `status_win` tinyint(1) NOT NULL DEFAULT 0,
  `total` double DEFAULT NULL,
  `total_win` double NOT NULL DEFAULT 0,
  `transaction_id` varchar(191) COLLATE utf8mb4_unicode_ci DEFAULT NULL,
  `status_buy` tinyint(1) NOT NULL DEFAULT 0,
  `msg` varchar(191) COLLATE utf8mb4_unicode_ci DEFAULT NULL,
  `created_at` timestamp NULL DEFAULT NULL,
  `updated_at` timestamp NULL DEFAULT NULL
) ENGINE=InnoDB DEFAULT CHARSET=utf8mb4 COLLATE=utf8mb4_unicode_ci;

--
-- Dumping data for table `bill_orders`
--

INSERT INTO `bill_orders` (`id`, `customer_id`, `bill_number`, `draw`, `type`, `status_win`, `total`, `total_win`, `transaction_id`, `status_buy`, `msg`, `created_at`, `updated_at`) VALUES
(377, 5, 385952144894905, 737373, '2d3d4d5d6d', 0, 65000, 0, 'ncc377', 1, NULL, '2021-03-23 02:48:55', '2021-03-23 02:48:57'),
(378, 5, 385954204895019, 737373, '2d3d4d5d6d', 0, 157000, 0, 'ncc378', 1, NULL, '2021-03-23 02:50:09', '2021-03-23 02:50:10'),
(379, 5, 385958994895038, 737373, '2d3d4d5d6d', 0, 105000, 0, 'ncc379', 1, NULL, '2021-03-23 02:50:28', '2021-03-23 02:50:30'),
(380, 5, NULL, 737373, '2d3d4d5d6d', 0, 0, 0, 'ncc380', 0, 'This number is already full', '2021-03-23 02:55:19', '2021-03-23 02:55:20'),
(381, 1, 385596814440836, 737373, '3/40', 0, 20000, 0, 'ncc381', 1, NULL, '2021-03-23 03:08:27', '2021-03-23 03:08:27'),
(382, 1, 385598884892837, 737373, '2d3d4d5d6d', 1, 27000, 5000000, 'ncc382', 1, NULL, '2021-03-23 03:28:27', '2021-03-23 03:32:19'),
(383, 1, 385594844443054, 737373, '3/40', 1, 8000, 12000000, 'ncc383', 1, NULL, '2021-03-23 03:30:45', '2021-03-23 03:32:19'),
(384, 1, 385592604894608, 737373, '2d3d4d5d6d', 0, 107000, 0, 'ncc384', 1, NULL, '2021-03-23 03:45:57', '2021-03-23 03:45:59'),
(385, 1, NULL, 737373, '2d3d4d5d6d', 0, 0, 0, 'ncc385', 0, 'This number is already full', '2021-03-23 03:47:35', '2021-03-23 03:47:36'),
(386, 1, 385595184894802, 737373, '2d3d4d5d6d', 0, 1000, 0, 'ncc386', 1, NULL, '2021-03-23 03:47:51', '2021-03-23 03:47:53'),
(387, 1, 385593224895202, 737373, '2d3d4d5d6d', 0, 2000, 0, 'ncc387', 1, NULL, '2021-03-23 03:51:52', '2021-03-23 03:51:54'),
(388, 1, 385595504894309, 737373, '2d3d4d5d6d', 0, 12000, 0, 'ncc388', 1, NULL, '2021-03-23 04:42:58', '2021-03-23 04:43:00'),
(389, 1, 385597834445319, 737373, '3/40', 0, 1000, 0, 'ncc389', 1, NULL, '2021-03-23 04:53:10', '2021-03-23 04:53:10'),
(390, 1, 385591414445415, 737373, '3/40', 0, 2000, 0, 'ncc390', 1, NULL, '2021-03-23 04:54:06', '2021-03-23 04:54:06'),
(391, 5, NULL, 737373, '2d3d4d5d6d', 0, 0, 0, 'ncc391', 0, 'This number is already full', '2021-03-24 06:25:29', '2021-03-24 06:25:31'),
(392, 5, NULL, 737373, '2d3d4d5d6d', 0, 0, 0, 'ncc392', 0, 'This number is already full', '2021-03-24 06:32:26', '2021-03-24 06:32:28'),
(393, 5, 385956464893301, 737373, '2d3d4d5d6d', 0, 50000, 0, 'ncc393', 1, NULL, '2021-03-24 06:32:49', '2021-03-24 06:32:51'),
(394, 5, 385952954893523, 737373, '2d3d4d5d6d', 0, 50000, 0, 'ncc394', 1, NULL, '2021-03-24 06:35:11', '2021-03-24 06:35:12'),
(395, 5, 385958104894228, 737373, '2d3d4d5d6d', 0, 2000, 0, 'ncc395', 1, NULL, '2021-03-24 06:42:16', '2021-03-24 06:42:18'),
(396, 5, 385956304894240, 737373, '2d3d4d5d6d', 0, 2000, 0, 'ncc396', 1, NULL, '2021-03-24 06:42:28', '2021-03-24 06:42:30'),
(397, 5, 385952904894257, 737373, '2d3d4d5d6d', 0, 150000, 0, 'ncc397', 1, NULL, '2021-03-24 06:42:45', '2021-03-24 06:42:47'),
(398, 5, 385953724894518, 737373, '2d3d4d5d6d', 0, 200000, 0, 'ncc398', 1, NULL, '2021-03-24 06:45:06', '2021-03-24 06:45:07'),
(399, 5, 385959024444545, 737373, '3/40', 0, 11000, 0, 'ncc399', 1, NULL, '2021-03-24 06:45:35', '2021-03-24 06:45:35'),
(400, 5, 385957624892228, 737373, '2d3d4d5d6d', 0, 200000, 0, 'ncc400', 1, NULL, '2021-03-25 06:22:13', '2021-03-25 06:22:15');

-- --------------------------------------------------------

--
-- Table structure for table `customers`
--

CREATE TABLE `customers` (
  `id` bigint(20) UNSIGNED NOT NULL,
  `firstname` varchar(255) COLLATE utf8mb4_unicode_ci DEFAULT NULL,
  `lastname` varchar(255) COLLATE utf8mb4_unicode_ci DEFAULT NULL,
  `phone` varchar(255) COLLATE utf8mb4_unicode_ci NOT NULL,
  `password` varchar(255) COLLATE utf8mb4_unicode_ci DEFAULT NULL,
  `birthday` date DEFAULT NULL,
  `gender` varchar(255) COLLATE utf8mb4_unicode_ci DEFAULT NULL,
  `address` varchar(255) COLLATE utf8mb4_unicode_ci DEFAULT NULL,
  `status` tinyint(1) NOT NULL DEFAULT 0,
  `image` varchar(191) COLLATE utf8mb4_unicode_ci DEFAULT NULL,
  `background_image` varchar(191) COLLATE utf8mb4_unicode_ci DEFAULT NULL,
  `remember_token` varchar(100) COLLATE utf8mb4_unicode_ci DEFAULT NULL,
  `device_token` varchar(255) COLLATE utf8mb4_unicode_ci DEFAULT NULL,
  `created_at` timestamp NULL DEFAULT NULL,
  `updated_at` timestamp NULL DEFAULT NULL
) ENGINE=InnoDB DEFAULT CHARSET=utf8mb4 COLLATE=utf8mb4_unicode_ci;

--
-- Dumping data for table `customers`
--

INSERT INTO `customers` (`id`, `firstname`, `lastname`, `phone`, `password`, `birthday`, `gender`, `address`, `status`, `image`, `background_image`, `remember_token`, `device_token`, `created_at`, `updated_at`) VALUES
(1, 'ບຸນເຖິງ', 'ເພັດລາສີ', '2055188559', '$2y$10$Z4hlZ5IKVWdQlx5TXOUhD.tyfFr5n2f0DkxOCNvxJaZZu1Zw3zbOC', '1999-09-09', 'male', 'phonexai', 1, '/storage/customer_image/1616127723.jpg', NULL, NULL, 'f-zScryDTrG0zxQ7AlZgto:APA91bFGJR5us7yc3rsYWudAfX0_N8LkBMIfE8DRHchpVrKGBHeY6I7T8x68Wr2h42riHSLenIfHwp9h4KsuYgmhLp7JG7WIizIIiGMH4v94ZUPu-byC94AxsUoKs4RqJ4q7Afb5RGlm', '2021-02-05 04:33:43', '2021-03-25 03:12:30'),
(5, 'Sounatda', 'Champaphanh', '2058058595', '$2y$10$VPjJN4wmht.Qj3J9OLzCUOceWOnMh6tmxEp6oA10mQtpW3cM5mVmG', '2020-11-01', NULL, NULL, 0, NULL, '/storage/customer_background_image/1616559897.jpg', NULL, 'test', '2021-02-17 03:52:06', '2021-03-24 04:24:57'),
(7, 'N/A', 'N/A', '2077444099', '$2y$10$w6BIFYy758DKuR/EtJ4kn.7T4eV28MI3NXvq2FRZxG/UzMcfRaoIm', '2021-03-26', 'N/A', 'N/A', 0, NULL, NULL, NULL, 'ePMKSoAXxU8fg8JW3f3xlT:APA91bHNvf5nyQb-bF8Qu6zqNj1zmCynclwC2SIiSjh2NgL4gAmgnDMsr48sdSsF6huN3QMGKyCYxoyDf96vuEHFrFddzn-H7bIpqPXUV-EV6TPAZJP6gtptGs_vSyLLDfmv1dRax6ng', '2021-03-23 03:37:32', '2021-03-23 03:38:14'),
(8, 'N/A', 'N/A', '2091442424', NULL, NULL, 'N/A', 'N/A', 0, NULL, NULL, NULL, NULL, '2021-03-24 03:03:48', '2021-03-24 03:03:48'),
(59, 'kito', 'alone', '2091611560', NULL, '1996-01-29', 'N/A', 'N/A', 0, NULL, NULL, NULL, NULL, '2021-03-29 03:02:31', '2021-03-29 03:02:31'),
(60, 'kito', 'lone', '2096344502', '$2y$10$xteR826nl0OvehCjk6CVCOyBGc6h.ofkCgZj/7DyGPPPY38Qvp.pu', '1999-02-21', 'N/A', 'N/A', 0, NULL, NULL, NULL, 'f-zScryDTrG0zxQ7AlZgto:APA91bFGJR5us7yc3rsYWudAfX0_N8LkBMIfE8DRHchpVrKGBHeY6I7T8x68Wr2h42riHSLenIfHwp9h4KsuYgmhLp7JG7WIizIIiGMH4v94ZUPu-byC94AxsUoKs4RqJ4q7Afb5RGlm', '2021-03-29 03:03:59', '2021-03-29 03:38:33');

-- --------------------------------------------------------

--
-- Table structure for table `customer__notifications`
--

CREATE TABLE `customer__notifications` (
  `id` bigint(20) UNSIGNED NOT NULL,
  `customer_id` bigint(20) UNSIGNED NOT NULL,
  `notification_id` bigint(20) UNSIGNED NOT NULL,
  `read_status` tinyint(1) NOT NULL DEFAULT 0,
  `created_at` timestamp NULL DEFAULT NULL,
  `updated_at` timestamp NULL DEFAULT NULL
) ENGINE=InnoDB DEFAULT CHARSET=utf8mb4 COLLATE=utf8mb4_unicode_ci;

--
-- Dumping data for table `customer__notifications`
--

INSERT INTO `customer__notifications` (`id`, `customer_id`, `notification_id`, `read_status`, `created_at`, `updated_at`) VALUES
(500, 1, 441, 1, '2021-03-18 07:47:36', '2021-03-19 04:38:54'),
(501, 1, 442, 1, '2021-03-18 07:48:02', '2021-03-19 04:38:51'),
(505, 1, 444, 1, '2021-03-18 08:02:10', '2021-03-18 08:14:15'),
(507, 5, 444, 0, '2021-03-18 08:02:10', '2021-03-18 08:02:10'),
(511, 1, 446, 1, '2021-03-18 08:18:16', '2021-03-19 04:38:59'),
(512, 1, 447, 0, '2021-03-18 08:18:16', '2021-03-18 08:18:16'),
(513, 1, 448, 0, '2021-03-18 08:18:17', '2021-03-18 08:18:17'),
(514, 1, 449, 0, '2021-03-18 08:18:17', '2021-03-18 08:18:17'),
(515, 1, 450, 0, '2021-03-18 08:18:17', '2021-03-18 08:18:17'),
(516, 1, 451, 1, '2021-03-18 08:18:18', '2021-03-18 08:20:49'),
(517, 1, 452, 1, '2021-03-18 08:21:39', '2021-03-18 08:21:50'),
(519, 5, 452, 0, '2021-03-18 08:21:39', '2021-03-18 08:21:39'),
(520, 1, 453, 1, '2021-03-18 08:23:07', '2021-03-19 04:10:10'),
(521, 1, 454, 1, '2021-03-18 08:32:25', '2021-03-19 04:05:49'),
(522, 1, 455, 1, '2021-03-18 08:33:44', '2021-03-19 04:04:58'),
(523, 1, 456, 1, '2021-03-18 08:39:52', '2021-03-19 04:03:17'),
(524, 1, 457, 1, '2021-03-18 08:40:13', '2021-03-19 03:11:59'),
(528, 1, 459, 0, '2021-03-18 08:40:16', '2021-03-18 08:40:16'),
(529, 1, 460, 1, '2021-03-18 08:40:17', '2021-03-18 08:42:15'),
(530, 1, 461, 1, '2021-03-18 09:26:09', '2021-03-19 04:39:09'),
(531, 1, 462, 1, '2021-03-18 09:26:09', '2021-03-19 04:38:44'),
(535, 1, 464, 1, '2021-03-18 09:27:04', '2021-03-19 04:28:41'),
(536, 1, 465, 1, '2021-03-18 09:27:04', '2021-03-19 04:38:41'),
(540, 1, 467, 1, '2021-03-18 09:38:33', '2021-03-19 04:38:41'),
(541, 1, 468, 1, '2021-03-18 09:38:39', '2021-03-18 09:38:48'),
(545, 1, 470, 1, '2021-03-18 09:45:06', '2021-03-18 09:48:45'),
(549, 1, 472, 1, '2021-03-18 09:53:11', '2021-03-19 04:28:31'),
(550, 1, 473, 1, '2021-03-18 09:53:11', '2021-03-19 03:30:14'),
(551, 1, 474, 1, '2021-03-19 04:10:47', '2021-03-19 04:11:28'),
(552, 1, 475, 1, '2021-03-19 04:11:18', '2021-03-19 04:11:26'),
(553, 1, 476, 1, '2021-03-19 04:29:30', '2021-03-19 04:36:59'),
(554, 1, 477, 1, '2021-03-19 04:33:00', '2021-03-19 04:37:01'),
(555, 1, 478, 0, '2021-03-19 06:18:21', '2021-03-19 06:18:21'),
(556, 1, 479, 0, '2021-03-19 06:19:40', '2021-03-19 06:19:40'),
(557, 1, 480, 0, '2021-03-19 06:22:30', '2021-03-19 06:22:30'),
(558, 1, 481, 0, '2021-03-19 06:24:35', '2021-03-19 06:24:35'),
(559, 1, 482, 0, '2021-03-19 06:24:50', '2021-03-19 06:24:50'),
(560, 1, 483, 0, '2021-03-19 06:25:15', '2021-03-19 06:25:15'),
(561, 1, 484, 0, '2021-03-19 06:25:29', '2021-03-19 06:25:29'),
(562, 1, 485, 0, '2021-03-19 06:25:46', '2021-03-19 06:25:46'),
(563, 1, 486, 0, '2021-03-19 06:26:10', '2021-03-19 06:26:10'),
(564, 1, 487, 0, '2021-03-19 06:26:27', '2021-03-19 06:26:27'),
(565, 1, 488, 0, '2021-03-19 06:44:50', '2021-03-19 06:44:50'),
(566, 1, 489, 0, '2021-03-19 06:45:05', '2021-03-19 06:45:05'),
(567, 1, 490, 0, '2021-03-19 07:04:17', '2021-03-19 07:04:17'),
(568, 1, 491, 0, '2021-03-19 07:13:07', '2021-03-19 07:13:07'),
(569, 1, 492, 0, '2021-03-19 07:15:43', '2021-03-19 07:15:43'),
(570, 5, 493, 0, '2021-03-19 09:29:57', '2021-03-19 09:29:57'),
(571, 1, 494, 0, '2021-03-22 06:24:37', '2021-03-22 06:24:37'),
(572, 1, 495, 0, '2021-03-22 06:27:06', '2021-03-22 06:27:06'),
(573, 1, 496, 0, '2021-03-22 06:28:36', '2021-03-22 06:28:36'),
(574, 1, 497, 1, '2021-03-22 06:34:31', '2021-03-22 06:34:43'),
(575, 1, 498, 0, '2021-03-22 06:37:05', '2021-03-22 06:37:05'),
(576, 1, 499, 0, '2021-03-22 06:37:37', '2021-03-22 06:37:37'),
(579, 1, 502, 1, '2021-03-22 07:21:48', '2021-03-23 03:08:47'),
(581, 5, 502, 0, '2021-03-22 07:21:48', '2021-03-22 07:21:48'),
(582, 1, 503, 0, '2021-03-22 07:28:54', '2021-03-22 07:28:54'),
(583, 1, 504, 0, '2021-03-22 07:28:55', '2021-03-22 07:28:55'),
(586, 1, 507, 0, '2021-03-22 08:30:08', '2021-03-22 08:30:08'),
(587, 1, 508, 0, '2021-03-22 08:31:55', '2021-03-22 08:31:55'),
(588, 1, 509, 0, '2021-03-22 08:32:15', '2021-03-22 08:32:15'),
(589, 1, 510, 0, '2021-03-22 08:32:42', '2021-03-22 08:32:42'),
(590, 1, 511, 0, '2021-03-22 08:46:05', '2021-03-22 08:46:05'),
(591, 1, 512, 0, '2021-03-22 09:00:16', '2021-03-22 09:00:16'),
(593, 1, 514, 0, '2021-03-22 09:10:54', '2021-03-22 09:10:54'),
(594, 1, 515, 0, '2021-03-22 09:23:01', '2021-03-22 09:23:01'),
(595, 1, 516, 0, '2021-03-22 09:24:03', '2021-03-22 09:24:03'),
(596, 1, 517, 0, '2021-03-22 09:24:38', '2021-03-22 09:24:38'),
(597, 1, 518, 0, '2021-03-22 09:32:27', '2021-03-22 09:32:27'),
(598, 1, 519, 0, '2021-03-22 09:32:48', '2021-03-22 09:32:48'),
(599, 1, 520, 0, '2021-03-22 09:33:11', '2021-03-22 09:33:11'),
(600, 1, 521, 0, '2021-03-22 09:56:36', '2021-03-22 09:56:36'),
(601, 1, 522, 0, '2021-03-22 10:06:22', '2021-03-22 10:06:22'),
(602, 1, 523, 0, '2021-03-22 10:08:34', '2021-03-22 10:08:34'),
(603, 1, 524, 0, '2021-03-22 10:09:19', '2021-03-22 10:09:19'),
(604, 1, 525, 0, '2021-03-22 10:11:38', '2021-03-22 10:11:38'),
(605, 1, 526, 0, '2021-03-22 10:21:11', '2021-03-22 10:21:11'),
(606, 1, 527, 0, '2021-03-22 10:21:32', '2021-03-22 10:21:32'),
(607, 1, 528, 0, '2021-03-22 10:23:15', '2021-03-22 10:23:15'),
(609, 5, 530, 0, '2021-03-23 02:48:59', '2021-03-23 02:48:59'),
(610, 5, 531, 0, '2021-03-23 02:50:10', '2021-03-23 02:50:10'),
(611, 5, 532, 0, '2021-03-23 02:50:30', '2021-03-23 02:50:30'),
(612, 1, 533, 0, '2021-03-23 03:08:28', '2021-03-23 03:08:28'),
(613, 1, 534, 1, '2021-03-23 03:28:29', '2021-03-23 03:28:41'),
(614, 1, 535, 0, '2021-03-23 03:30:46', '2021-03-23 03:30:46'),
(615, 1, 536, 1, '2021-03-23 03:31:34', '2021-03-23 04:15:55'),
(616, 5, 536, 0, '2021-03-23 03:31:34', '2021-03-23 03:31:34'),
(618, 1, 537, 0, '2021-03-23 03:32:18', '2021-03-23 03:32:18'),
(619, 5, 537, 0, '2021-03-23 03:32:18', '2021-03-23 03:32:18'),
(621, 1, 538, 1, '2021-03-23 03:32:20', '2021-03-23 03:32:34'),
(622, 1, 539, 1, '2021-03-23 03:32:20', '2021-03-23 03:32:43'),
(623, 1, 540, 1, '2021-03-23 03:45:59', '2021-03-23 03:46:05'),
(624, 1, 541, 1, '2021-03-23 03:47:53', '2021-03-23 03:48:00'),
(625, 1, 542, 1, '2021-03-23 03:51:59', '2021-03-23 03:52:04'),
(626, 1, 543, 0, '2021-03-23 04:43:00', '2021-03-23 04:43:00'),
(627, 1, 544, 0, '2021-03-23 04:53:11', '2021-03-23 04:53:11'),
(628, 1, 545, 0, '2021-03-23 04:54:07', '2021-03-23 04:54:07'),
(629, 5, 546, 0, '2021-03-24 06:32:57', '2021-03-24 06:32:57'),
(630, 5, 547, 0, '2021-03-24 06:35:13', '2021-03-24 06:35:13'),
(631, 5, 548, 0, '2021-03-24 06:42:18', '2021-03-24 06:42:18'),
(632, 5, 549, 0, '2021-03-24 06:42:30', '2021-03-24 06:42:30'),
(633, 5, 550, 0, '2021-03-24 06:42:47', '2021-03-24 06:42:47'),
(634, 5, 551, 0, '2021-03-24 06:45:08', '2021-03-24 06:45:08'),
(635, 5, 552, 0, '2021-03-24 06:45:35', '2021-03-24 06:45:35'),
(636, 5, 553, 0, '2021-03-25 06:22:16', '2021-03-25 06:22:16');

-- --------------------------------------------------------

--
-- Table structure for table `dreamtellers`
--

CREATE TABLE `dreamtellers` (
  `id` bigint(20) UNSIGNED NOT NULL,
  `title` varchar(255) COLLATE utf8mb4_unicode_ci NOT NULL,
  `content` varchar(255) COLLATE utf8mb4_unicode_ci NOT NULL,
  `recommend_digits` longtext CHARACTER SET utf8mb4 COLLATE utf8mb4_bin NOT NULL CHECK (json_valid(`recommend_digits`)),
  `created_at` timestamp NULL DEFAULT NULL,
  `updated_at` timestamp NULL DEFAULT NULL
) ENGINE=InnoDB DEFAULT CHARSET=utf8mb4 COLLATE=utf8mb4_unicode_ci;

--
-- Dumping data for table `dreamtellers`
--

INSERT INTO `dreamtellers` (`id`, `title`, `content`, `recommend_digits`, `created_at`, `updated_at`) VALUES
(1, 'Test dream teller', 'test content', '[\"123\",\"001\",\"223\"]', '2021-02-05 08:45:06', '2021-02-05 08:45:06'),
(2, 'Dream about dog', 'Dog bite yue', '[\"11\",\"91\",\"51\"]', '2021-02-09 08:09:07', '2021-02-09 08:09:07'),
(3, 'Dream about cat', 'cat kiss you', '[\"14\",\"0014\"]', '2021-02-09 08:09:50', '2021-02-09 08:09:50');

-- --------------------------------------------------------

--
-- Table structure for table `dreamteller_images`
--

CREATE TABLE `dreamteller_images` (
  `id` bigint(20) UNSIGNED NOT NULL,
  `image` varchar(255) COLLATE utf8mb4_unicode_ci NOT NULL,
  `dream_id` bigint(20) UNSIGNED NOT NULL,
  `created_at` timestamp NULL DEFAULT NULL,
  `updated_at` timestamp NULL DEFAULT NULL
) ENGINE=InnoDB DEFAULT CHARSET=utf8mb4 COLLATE=utf8mb4_unicode_ci;

--
-- Dumping data for table `dreamteller_images`
--

INSERT INTO `dreamteller_images` (`id`, `image`, `dream_id`, `created_at`, `updated_at`) VALUES
(1, '/storage/dream_teller_image/XzE2MTI1MTQ3MDY=.2f394af05abb0d09cfa6bbebabf06189.jpg', 1, '2021-02-05 08:45:06', '2021-02-05 08:45:06'),
(3, '/storage/dream_teller_image/XzE2MTI4NTgxNDc=.fd40fc219d766abf75865edd2d219a05.jpg', 2, '2021-02-09 08:09:07', '2021-02-09 08:09:07'),
(4, '/storage/dream_teller_image/XzE2MTI4NTgxOTA=.14.png', 3, '2021-02-09 08:09:50', '2021-02-09 08:09:50');

-- --------------------------------------------------------

--
-- Table structure for table `failed_jobs`
--

CREATE TABLE `failed_jobs` (
  `id` bigint(20) UNSIGNED NOT NULL,
  `uuid` varchar(255) COLLATE utf8mb4_unicode_ci NOT NULL,
  `connection` text COLLATE utf8mb4_unicode_ci NOT NULL,
  `queue` text COLLATE utf8mb4_unicode_ci NOT NULL,
  `payload` longtext COLLATE utf8mb4_unicode_ci NOT NULL,
  `exception` longtext COLLATE utf8mb4_unicode_ci NOT NULL,
  `failed_at` timestamp NOT NULL DEFAULT current_timestamp()
) ENGINE=InnoDB DEFAULT CHARSET=utf8mb4 COLLATE=utf8mb4_unicode_ci;

-- --------------------------------------------------------

--
-- Table structure for table `migrations`
--

CREATE TABLE `migrations` (
  `id` int(10) UNSIGNED NOT NULL,
  `migration` varchar(255) COLLATE utf8mb4_unicode_ci NOT NULL,
  `batch` int(11) NOT NULL
) ENGINE=InnoDB DEFAULT CHARSET=utf8mb4 COLLATE=utf8mb4_unicode_ci;

--
-- Dumping data for table `migrations`
--

INSERT INTO `migrations` (`id`, `migration`, `batch`) VALUES
(26, '2014_10_12_000000_create_users_table', 1),
(27, '2014_10_12_100000_create_password_resets_table', 1),
(28, '2019_08_19_000000_create_failed_jobs_table', 1),
(29, '2019_12_14_000001_create_personal_access_tokens_table', 1),
(30, '2020_12_29_073112_create_customers_table', 1),
(31, '2020_12_30_075848_create_o_t_p_s_table', 1),
(32, '2021_01_06_115850_create_billorder2d3d4d5d6ds_table', 1),
(33, '2021_01_06_120025_create_billorder340s_table', 1),
(34, '2021_01_06_132546_create_bill_orders_table', 1),
(35, '2021_01_06_133218_create_providers_table', 1),
(36, '2021_01_08_090800_add_type_to_bill_orders_table', 1),
(37, '2021_01_08_154515_create_win2d3d4d5d6ds_table', 1),
(38, '2021_01_08_154720_create_win340s_table', 1),
(39, '2021_01_08_164435_create_results_table', 1),
(40, '2021_01_12_100257_add_status_to_bill_orders_table', 1),
(41, '2021_01_12_100527_add_status_to_billorder2d3d4d5d6ds_table', 1),
(42, '2021_01_12_100649_add_status_to_billorder340s_table', 1),
(43, '2021_01_15_090308_create_promotions_table', 1),
(44, '2021_02_01_094043_create_recomment_lottos_table', 1),
(45, '2021_02_02_090615_create_recomment_images_table', 1),
(46, '2021_02_03_164128_add_total_to_bill_orders_table', 1),
(47, '2021_02_04_100446_create_animals_table', 1),
(48, '2021_02_04_103343_create_animal_nos_table', 1),
(49, '2021_02_04_114459_add_votes_to_bill_orders_table', 1),
(50, '2021_02_04_145131_add_column_to_results_table', 1),
(54, '2021_02_05_103032_add_images_to_recomment_table', 2),
(55, '2021_02_05_144046_create_dreamtellers_table', 2),
(56, '2021_02_08_084750_create_notifications_table', 3),
(57, '2021_02_08_091543_create_customer__notifications_table', 3),
(58, '2021_02_08_091639_create_type__notifications_table', 4),
(59, '2021_02_08_161521_add_column_to_customer_table', 5),
(61, '2021_02_09_104429_add_massages_to_notifications_table', 6),
(62, '2021_02_09_160648_create_bills_table', 7),
(65, '2021_02_10_151800_add_read_status_to_table_customer_notifications', 8),
(66, '2021_02_10_153005_add_image_to_table_customers', 9),
(67, '2021_03_10_103749_add_foreingkey_to_table_billorder340s', 10),
(68, '2021_03_10_103834_add_foreingkey_to_table_billorder2d3d4d5d6ds', 10),
(69, '2021_03_10_150641_add_column_to_table_bill_orders', 11),
(70, '2021_03_11_110852_add_column_digit_to_table_bill340s', 12),
(71, '2021_03_15_081329_add_msg_to_bill_orders', 13),
(72, '2021_03_15_143733_create_save_order6ds_table', 14),
(73, '2021_03_19_160628_create_permission_tables', 15),
(74, '2021_03_24_083748_add_limit_request_and_limit_input_to_table_o_t_p_s', 16),
(75, '2021_03_24_110147_add_background_image_to_table_customers', 17),
(76, '2021_03_24_115131_add_status_buy_to_table_billorder2d3d4d5d6ds', 18),
(77, '2021_03_24_115224_add_status_buy_to_table_billorder340s', 18);

-- --------------------------------------------------------

--
-- Table structure for table `model_has_permissions`
--

CREATE TABLE `model_has_permissions` (
  `permission_id` bigint(20) UNSIGNED NOT NULL,
  `model_type` varchar(191) COLLATE utf8mb4_unicode_ci NOT NULL,
  `model_id` bigint(20) UNSIGNED NOT NULL
) ENGINE=InnoDB DEFAULT CHARSET=utf8mb4 COLLATE=utf8mb4_unicode_ci;

-- --------------------------------------------------------

--
-- Table structure for table `model_has_roles`
--

CREATE TABLE `model_has_roles` (
  `role_id` bigint(20) UNSIGNED NOT NULL,
  `model_type` varchar(191) COLLATE utf8mb4_unicode_ci NOT NULL,
  `model_id` bigint(20) UNSIGNED NOT NULL
) ENGINE=InnoDB DEFAULT CHARSET=utf8mb4 COLLATE=utf8mb4_unicode_ci;

--
-- Dumping data for table `model_has_roles`
--

INSERT INTO `model_has_roles` (`role_id`, `model_type`, `model_id`) VALUES
(1, 'App\\Models\\User', 2),
(1, 'App\\Models\\User', 3),
(1, 'App\\Models\\User', 4),
(2, 'App\\Models\\User', 6),
(3, 'App\\Models\\User', 1);

-- --------------------------------------------------------

--
-- Table structure for table `notifications`
--

CREATE TABLE `notifications` (
  `id` bigint(20) UNSIGNED NOT NULL,
  `title` varchar(255) COLLATE utf8mb4_unicode_ci NOT NULL,
  `body` varchar(255) COLLATE utf8mb4_unicode_ci NOT NULL,
  `type_id` bigint(20) UNSIGNED NOT NULL,
  `created_at` timestamp NULL DEFAULT NULL,
  `updated_at` timestamp NULL DEFAULT NULL,
  `massages` longtext CHARACTER SET utf8mb4 COLLATE utf8mb4_bin DEFAULT NULL,
  `read_status` tinyint(1) NOT NULL DEFAULT 0
) ENGINE=InnoDB DEFAULT CHARSET=utf8mb4 COLLATE=utf8mb4_unicode_ci;

--
-- Dumping data for table `notifications`
--

INSERT INTO `notifications` (`id`, `title`, `body`, `type_id`, `created_at`, `updated_at`, `massages`, `read_status`) VALUES
(441, 'Buy lotto 6D', '826984=1,000LAK', 1, '2021-03-18 07:47:35', '2021-03-18 07:47:35', '{\"customer_id\":1,\"bill_number\":\"385593454884751\",\"draw\":727272,\"type\":\"2d3d4d5d6d\",\"updated_at\":\"2021-03-18T07:47:35.000000Z\",\"created_at\":\"2021-03-18T07:47:34.000000Z\",\"id\":314,\"transaction_id\":\"ncc314\",\"total\":1000,\"status_buy\":true,\"billorder2d3d4d5d6ds\":[{\"id\":878,\"digit\":\"826984\",\"money\":1000,\"order_id\":314,\"type_win\":null,\"created_at\":\"2021-03-18T07:47:34.000000Z\",\"updated_at\":\"2021-03-18T07:47:34.000000Z\"}]}', 0),
(442, 'Buy lotto 3/40', '05,06=1,000Lak', 1, '2021-03-18 07:48:02', '2021-03-18 07:48:02', '{\"customer_id\":1,\"bill_number\":\"385599534434818\",\"draw\":727272,\"type\":\"3\\/40\",\"updated_at\":\"2021-03-18T07:48:02.000000Z\",\"created_at\":\"2021-03-18T07:48:02.000000Z\",\"id\":315,\"transaction_id\":\"ncc315\",\"total\":1000,\"status_buy\":true,\"bill340s\":[{\"id\":147,\"animal1\":\"05\",\"animal2\":\"06\",\"animal3\":null,\"digit\":\"05,06\",\"money\":1000,\"order_id\":315,\"type_win\":null,\"created_at\":\"2021-03-18T07:48:02.000000Z\",\"updated_at\":\"2021-03-18T07:48:02.000000Z\"}]}', 0),
(444, 'promotiontt', 'promotion buy 1 get 10', 4, '2021-03-18 08:02:10', '2021-03-18 08:02:10', '{\"id\":2,\"title\":\"promotiontt\",\"content\":\"promotion buy 1 get 10\",\"image\":\"\\/storage\\/promotion_image\\/XzE2MTI4NTEyMDk=.jpg\",\"start\":\"2021-02-09 13:13:00\",\"end\":\"2021-02-11 13:14:00\",\"created_at\":\"2021-02-09T06:13:29.000000Z\",\"updated_at\":\"2021-02-12T02:28:31.000000Z\"}', 0),
(446, 'Congratulations You win', 'Type: 3/40 || Total: 16,000', 2, '2021-03-18 08:18:16', '2021-03-18 08:18:16', '{\"id\":306,\"customer_id\":1,\"bill_number\":385591394435235,\"draw\":727272,\"type\":\"3\\/40\",\"status_win\":1,\"total\":4000,\"total_win\":16000,\"transaction_id\":\"ncc306\",\"status_buy\":1,\"msg\":null,\"created_at\":\"2021-03-18T04:52:19.000000Z\",\"updated_at\":\"2021-03-18T08:18:16.000000Z\"}', 0),
(447, 'Congratulations You win', 'Type: 3/40 || Total: 80,000', 2, '2021-03-18 08:18:16', '2021-03-18 08:18:16', '{\"id\":308,\"customer_id\":1,\"bill_number\":385598024435449,\"draw\":727272,\"type\":\"3\\/40\",\"status_win\":1,\"total\":5000,\"total_win\":80000,\"transaction_id\":\"ncc308\",\"status_buy\":1,\"msg\":null,\"created_at\":\"2021-03-18T04:54:33.000000Z\",\"updated_at\":\"2021-03-18T08:18:16.000000Z\"}', 0),
(448, 'Congratulations You win', 'Type: 3/40 || Total: 16,000', 2, '2021-03-18 08:18:16', '2021-03-18 08:18:16', '{\"id\":310,\"customer_id\":1,\"bill_number\":385593774435651,\"draw\":727272,\"type\":\"3\\/40\",\"status_win\":1,\"total\":3000,\"total_win\":16000,\"transaction_id\":\"ncc310\",\"status_buy\":1,\"msg\":null,\"created_at\":\"2021-03-18T04:56:35.000000Z\",\"updated_at\":\"2021-03-18T08:18:16.000000Z\"}', 0),
(449, 'Congratulations You win', 'Type: 3/40 || Total: 16,000', 2, '2021-03-18 08:18:17', '2021-03-18 08:18:17', '{\"id\":311,\"customer_id\":1,\"bill_number\":385598444435733,\"draw\":727272,\"type\":\"3\\/40\",\"status_win\":1,\"total\":1000,\"total_win\":16000,\"transaction_id\":\"ncc311\",\"status_buy\":1,\"msg\":null,\"created_at\":\"2021-03-18T04:57:17.000000Z\",\"updated_at\":\"2021-03-18T08:18:16.000000Z\"}', 0),
(450, 'Congratulations You win', 'Type: 2d3d4d5d6d || Total: 400,000,000', 2, '2021-03-18 08:18:17', '2021-03-18 08:18:17', '{\"id\":314,\"customer_id\":1,\"bill_number\":385593454884751,\"draw\":727272,\"type\":\"2d3d4d5d6d\",\"status_win\":1,\"total\":1000,\"total_win\":400000000,\"transaction_id\":\"ncc314\",\"status_buy\":1,\"msg\":null,\"created_at\":\"2021-03-18T07:47:34.000000Z\",\"updated_at\":\"2021-03-18T08:18:15.000000Z\"}', 0),
(451, 'Congratulations You win', 'Type: 3/40 || Total: 160,000', 2, '2021-03-18 08:18:17', '2021-03-18 08:18:17', '{\"id\":315,\"customer_id\":1,\"bill_number\":385599534434818,\"draw\":727272,\"type\":\"3\\/40\",\"status_win\":1,\"total\":1000,\"total_win\":160000,\"transaction_id\":\"ncc315\",\"status_buy\":1,\"msg\":null,\"created_at\":\"2021-03-18T07:48:02.000000Z\",\"updated_at\":\"2021-03-18T08:18:16.000000Z\"}', 0),
(452, '3/40 promotion', 'news 3/40', 4, '2021-03-18 08:21:39', '2021-03-18 08:21:39', '{\"id\":1,\"title\":\"3\\/40 promotion\",\"content\":\"news 3\\/40\",\"image\":\"\\/storage\\/promotion_image\\/XzE2MTI1MTg2MTU=.jpg\",\"start\":\"2021-02-05 16:50:00\",\"end\":\"2021-02-06 16:51:00\",\"created_at\":\"2021-02-05T09:50:15.000000Z\",\"updated_at\":\"2021-02-12T04:15:34.000000Z\"}', 0),
(453, 'Buy lotto 6D', '67312=2,000LAK 4820=5,000LAK 929648=1,000LAK', 1, '2021-03-18 08:23:07', '2021-03-18 08:23:07', '{\"customer_id\":1,\"bill_number\":\"385597034882322\",\"draw\":727272,\"type\":\"2d3d4d5d6d\",\"updated_at\":\"2021-03-18T08:23:07.000000Z\",\"created_at\":\"2021-03-18T08:23:05.000000Z\",\"id\":316,\"transaction_id\":\"ncc316\",\"total\":8000,\"status_buy\":true,\"billorder2d3d4d5d6ds\":[{\"id\":879,\"digit\":\"67312\",\"money\":5000,\"order_id\":316,\"type_win\":null,\"created_at\":\"2021-03-18T08:23:05.000000Z\",\"updated_at\":\"2021-03-18T08:23:05.000000Z\"},{\"id\":880,\"digit\":\"4820\",\"money\":5000,\"order_id\":316,\"type_win\":null,\"created_at\":\"2021-03-18T08:23:05.000000Z\",\"updated_at\":\"2021-03-18T08:23:05.000000Z\"},{\"id\":881,\"digit\":\"929648\",\"money\":5000,\"order_id\":316,\"type_win\":null,\"created_at\":\"2021-03-18T08:23:05.000000Z\",\"updated_at\":\"2021-03-18T08:23:05.000000Z\"}]}', 0),
(454, 'Buy lotto 6D', '940339=1,000LAK 36543=1,000LAK', 1, '2021-03-18 08:32:24', '2021-03-18 08:32:24', '{\"customer_id\":1,\"bill_number\":\"385591204883240\",\"draw\":727272,\"type\":\"2d3d4d5d6d\",\"updated_at\":\"2021-03-18T08:32:24.000000Z\",\"created_at\":\"2021-03-18T08:32:23.000000Z\",\"id\":317,\"transaction_id\":\"ncc317\",\"total\":2000,\"status_buy\":true,\"billorder2d3d4d5d6ds\":[{\"id\":882,\"digit\":\"940339\",\"money\":1000,\"order_id\":317,\"type_win\":null,\"created_at\":\"2021-03-18T08:32:23.000000Z\",\"updated_at\":\"2021-03-18T08:32:23.000000Z\"},{\"id\":883,\"digit\":\"36543\",\"money\":1000,\"order_id\":317,\"type_win\":null,\"created_at\":\"2021-03-18T08:32:23.000000Z\",\"updated_at\":\"2021-03-18T08:32:23.000000Z\"}]}', 0),
(455, 'Buy lotto 3/40', '05,06,04=1,000Lak 05,06=1,000Lak', 1, '2021-03-18 08:33:44', '2021-03-18 08:33:44', '{\"customer_id\":1,\"bill_number\":\"385597574433359\",\"draw\":727272,\"type\":\"3\\/40\",\"updated_at\":\"2021-03-18T08:33:44.000000Z\",\"created_at\":\"2021-03-18T08:33:44.000000Z\",\"id\":318,\"transaction_id\":\"ncc318\",\"total\":2000,\"status_buy\":true,\"bill340s\":[{\"id\":148,\"animal1\":\"05\",\"animal2\":\"06\",\"animal3\":\"04\",\"digit\":\"05,06,04\",\"money\":1000,\"order_id\":318,\"type_win\":null,\"created_at\":\"2021-03-18T08:33:44.000000Z\",\"updated_at\":\"2021-03-18T08:33:44.000000Z\"},{\"id\":149,\"animal1\":\"05\",\"animal2\":\"06\",\"animal3\":null,\"digit\":\"05,06\",\"money\":1000,\"order_id\":318,\"type_win\":null,\"created_at\":\"2021-03-18T08:33:44.000000Z\",\"updated_at\":\"2021-03-18T08:33:44.000000Z\"}]}', 0),
(456, 'Buy lotto 6D', '97=1,000LAK', 1, '2021-03-18 08:39:50', '2021-03-18 08:39:50', '{\"customer_id\":1,\"bill_number\":\"385597944884006\",\"draw\":727272,\"type\":\"2d3d4d5d6d\",\"updated_at\":\"2021-03-18T08:39:50.000000Z\",\"created_at\":\"2021-03-18T08:39:49.000000Z\",\"id\":319,\"transaction_id\":\"ncc319\",\"total\":1000,\"status_buy\":true,\"billorder2d3d4d5d6ds\":[{\"id\":884,\"digit\":\"97\",\"money\":1000,\"order_id\":319,\"type_win\":null,\"created_at\":\"2021-03-18T08:39:49.000000Z\",\"updated_at\":\"2021-03-18T08:39:49.000000Z\"}]}', 0),
(457, 'Buy lotto 3/40', '01,02,03=1,000Lak', 1, '2021-03-18 08:40:13', '2021-03-18 08:40:13', '{\"customer_id\":1,\"bill_number\":\"385596764434028\",\"draw\":727272,\"type\":\"3\\/40\",\"updated_at\":\"2021-03-18T08:40:13.000000Z\",\"created_at\":\"2021-03-18T08:40:12.000000Z\",\"id\":320,\"transaction_id\":\"ncc320\",\"total\":1000,\"status_buy\":true,\"bill340s\":[{\"id\":150,\"animal1\":\"01\",\"animal2\":\"02\",\"animal3\":\"03\",\"digit\":\"01,02,03\",\"money\":1000,\"order_id\":320,\"type_win\":null,\"created_at\":\"2021-03-18T08:40:12.000000Z\",\"updated_at\":\"2021-03-18T08:40:12.000000Z\"}]}', 0),
(459, 'Congratulations You win', 'Type: 2d3d4d5d6d || Total: 60,000', 2, '2021-03-18 08:40:16', '2021-03-18 08:40:16', '{\"id\":319,\"customer_id\":1,\"bill_number\":385597944884006,\"draw\":727272,\"type\":\"2d3d4d5d6d\",\"status_win\":1,\"total\":1000,\"total_win\":60000,\"transaction_id\":\"ncc319\",\"status_buy\":1,\"msg\":null,\"created_at\":\"2021-03-18T08:39:49.000000Z\",\"updated_at\":\"2021-03-18T08:40:16.000000Z\"}', 0),
(460, 'Congratulations You win', 'Type: 3/40 || Total: 6,000,000', 2, '2021-03-18 08:40:16', '2021-03-18 08:40:16', '{\"id\":320,\"customer_id\":1,\"bill_number\":385596764434028,\"draw\":727272,\"type\":\"3\\/40\",\"status_win\":1,\"total\":1000,\"total_win\":6000000,\"transaction_id\":\"ncc320\",\"status_buy\":1,\"msg\":null,\"created_at\":\"2021-03-18T08:40:12.000000Z\",\"updated_at\":\"2021-03-18T08:40:16.000000Z\"}', 0),
(461, 'Congratulations You win', 'Type: 2d3d4d5d6d || Total: 60,000', 2, '2021-03-18 09:26:09', '2021-03-18 09:26:09', '{\"id\":319,\"customer_id\":1,\"bill_number\":385597944884006,\"draw\":727272,\"type\":\"2d3d4d5d6d\",\"status_win\":1,\"total\":1000,\"total_win\":60000,\"transaction_id\":\"ncc319\",\"status_buy\":1,\"msg\":null,\"created_at\":\"2021-03-18T08:39:49.000000Z\",\"updated_at\":\"2021-03-18T09:26:09.000000Z\"}', 0),
(462, 'Congratulations You win', 'Type: 3/40 || Total: 6,000,000', 2, '2021-03-18 09:26:09', '2021-03-18 09:26:09', '{\"id\":320,\"customer_id\":1,\"bill_number\":385596764434028,\"draw\":727272,\"type\":\"3\\/40\",\"status_win\":1,\"total\":1000,\"total_win\":6000000,\"transaction_id\":\"ncc320\",\"status_buy\":1,\"msg\":null,\"created_at\":\"2021-03-18T08:40:12.000000Z\",\"updated_at\":\"2021-03-18T09:26:09.000000Z\"}', 0),
(464, 'Congratulations You win', 'Type: 2d3d4d5d6d || Total: 60,000', 2, '2021-03-18 09:27:04', '2021-03-18 09:27:04', '{\"id\":319,\"customer_id\":1,\"bill_number\":385597944884006,\"draw\":727272,\"type\":\"2d3d4d5d6d\",\"status_win\":1,\"total\":1000,\"total_win\":60000,\"transaction_id\":\"ncc319\",\"status_buy\":1,\"msg\":null,\"created_at\":\"2021-03-18T08:39:49.000000Z\",\"updated_at\":\"2021-03-18T09:27:04.000000Z\"}', 0),
(465, 'Congratulations You win', 'Type: 3/40 || Total: 6,000,000', 2, '2021-03-18 09:27:04', '2021-03-18 09:27:04', '{\"id\":320,\"customer_id\":1,\"bill_number\":385596764434028,\"draw\":727272,\"type\":\"3\\/40\",\"status_win\":1,\"total\":1000,\"total_win\":6000000,\"transaction_id\":\"ncc320\",\"status_buy\":1,\"msg\":null,\"created_at\":\"2021-03-18T08:40:12.000000Z\",\"updated_at\":\"2021-03-18T09:27:04.000000Z\"}', 0),
(467, 'Congratulations You win', 'Type: 3/40 || Total: 6,000,000', 2, '2021-03-18 09:38:33', '2021-03-18 09:38:33', '{\"id\":320,\"customer_id\":1,\"bill_number\":385596764434028,\"draw\":727272,\"type\":\"3\\/40\",\"status_win\":1,\"total\":1000,\"total_win\":6000000,\"transaction_id\":\"ncc320\",\"status_buy\":1,\"msg\":null,\"created_at\":\"2021-03-18T08:40:12.000000Z\",\"updated_at\":\"2021-03-18T09:38:33.000000Z\"}', 0),
(468, 'Buy lotto 6D', '98=1,000LAK', 1, '2021-03-18 09:38:38', '2021-03-18 09:38:38', '{\"customer_id\":1,\"bill_number\":\"385592944883854\",\"draw\":727272,\"type\":\"2d3d4d5d6d\",\"updated_at\":\"2021-03-18T09:38:38.000000Z\",\"created_at\":\"2021-03-18T09:38:37.000000Z\",\"id\":321,\"transaction_id\":\"ncc321\",\"total\":1000,\"status_buy\":true,\"billorder2d3d4d5d6ds\":[{\"id\":885,\"digit\":\"98\",\"money\":1000,\"order_id\":321,\"type_win\":null,\"created_at\":\"2021-03-18T09:38:37.000000Z\",\"updated_at\":\"2021-03-18T09:38:37.000000Z\"}]}', 0),
(470, 'Congratulations You win', 'Type: 2d3d4d5d6d || Total: 60,000', 2, '2021-03-18 09:45:05', '2021-03-18 09:45:05', '{\"id\":319,\"customer_id\":1,\"bill_number\":385597944884006,\"draw\":727272,\"type\":\"2d3d4d5d6d\",\"status_win\":1,\"total\":1000,\"total_win\":60000,\"transaction_id\":\"ncc319\",\"status_buy\":1,\"msg\":null,\"created_at\":\"2021-03-18T08:39:49.000000Z\",\"updated_at\":\"2021-03-18T09:45:05.000000Z\"}', 0),
(472, 'Congratulations You win', 'Type: 2d3d4d5d6d || Total: 60,000', 2, '2021-03-18 09:53:10', '2021-03-18 09:53:10', '{\"id\":319,\"customer_id\":1,\"bill_number\":385597944884006,\"draw\":727272,\"type\":\"2d3d4d5d6d\",\"status_win\":1,\"total\":1000,\"total_win\":60000,\"transaction_id\":\"ncc319\",\"status_buy\":1,\"msg\":null,\"created_at\":\"2021-03-18T08:39:49.000000Z\",\"updated_at\":\"2021-03-18T09:53:10.000000Z\"}', 0),
(473, 'Congratulations You win', 'Type: 3/40 || Total: 6,000,000', 2, '2021-03-18 09:53:11', '2021-03-18 09:53:11', '{\"id\":320,\"customer_id\":1,\"bill_number\":385596764434028,\"draw\":727272,\"type\":\"3\\/40\",\"status_win\":1,\"total\":1000,\"total_win\":6000000,\"transaction_id\":\"ncc320\",\"status_buy\":1,\"msg\":null,\"created_at\":\"2021-03-18T08:40:12.000000Z\",\"updated_at\":\"2021-03-18T09:53:10.000000Z\"}', 0),
(474, 'Buy lotto 6D', '228993=1,000LAK 55298=2,000LAK 2751=2,000LAK', 1, '2021-03-19 04:10:46', '2021-03-19 04:10:46', '{\"customer_id\":1,\"bill_number\":\"385596214881047\",\"draw\":727272,\"type\":\"2d3d4d5d6d\",\"updated_at\":\"2021-03-19T04:10:46.000000Z\",\"created_at\":\"2021-03-19T04:10:44.000000Z\",\"id\":322,\"transaction_id\":\"ncc322\",\"total\":5000,\"status_buy\":true,\"billorder2d3d4d5d6ds\":[{\"id\":886,\"digit\":\"228993\",\"money\":2000,\"order_id\":322,\"type_win\":null,\"created_at\":\"2021-03-19T04:10:44.000000Z\",\"updated_at\":\"2021-03-19T04:10:44.000000Z\"},{\"id\":887,\"digit\":\"55298\",\"money\":2000,\"order_id\":322,\"type_win\":null,\"created_at\":\"2021-03-19T04:10:44.000000Z\",\"updated_at\":\"2021-03-19T04:10:44.000000Z\"},{\"id\":888,\"digit\":\"2751\",\"money\":2000,\"order_id\":322,\"type_win\":null,\"created_at\":\"2021-03-19T04:10:44.000000Z\",\"updated_at\":\"2021-03-19T04:10:44.000000Z\"}]}', 0),
(475, 'Buy lotto 3/40', '04,03,05=5,000Lak 05,06,08=5,000Lak', 1, '2021-03-19 04:11:18', '2021-03-19 04:11:18', '{\"customer_id\":1,\"bill_number\":\"385596664431119\",\"draw\":727272,\"type\":\"3\\/40\",\"updated_at\":\"2021-03-19T04:11:18.000000Z\",\"created_at\":\"2021-03-19T04:11:18.000000Z\",\"id\":323,\"transaction_id\":\"ncc323\",\"total\":10000,\"status_buy\":true,\"bill340s\":[{\"id\":151,\"animal1\":\"04\",\"animal2\":\"03\",\"animal3\":\"05\",\"digit\":\"04,03,05\",\"money\":5000,\"order_id\":323,\"type_win\":null,\"created_at\":\"2021-03-19T04:11:18.000000Z\",\"updated_at\":\"2021-03-19T04:11:18.000000Z\"},{\"id\":152,\"animal1\":\"05\",\"animal2\":\"06\",\"animal3\":\"08\",\"digit\":\"05,06,08\",\"money\":5000,\"order_id\":323,\"type_win\":null,\"created_at\":\"2021-03-19T04:11:18.000000Z\",\"updated_at\":\"2021-03-19T04:11:18.000000Z\"}]}', 0),
(476, 'Buy lotto 6D', '60788=2,000LAK 9254=5,000LAK 6914=5,000LAK 177507=1,000LAK 123=5,000LAK 12222=2,000LAK', 1, '2021-03-19 04:29:30', '2021-03-19 04:29:30', '{\"customer_id\":1,\"bill_number\":\"385593724882930\",\"draw\":727272,\"type\":\"2d3d4d5d6d\",\"updated_at\":\"2021-03-19T04:29:30.000000Z\",\"created_at\":\"2021-03-19T04:29:28.000000Z\",\"id\":324,\"transaction_id\":\"ncc324\",\"total\":20000,\"status_buy\":true,\"billorder2d3d4d5d6ds\":[{\"id\":889,\"digit\":\"60788\",\"money\":5000,\"order_id\":324,\"type_win\":null,\"created_at\":\"2021-03-19T04:29:28.000000Z\",\"updated_at\":\"2021-03-19T04:29:28.000000Z\"},{\"id\":890,\"digit\":\"9254\",\"money\":5000,\"order_id\":324,\"type_win\":null,\"created_at\":\"2021-03-19T04:29:28.000000Z\",\"updated_at\":\"2021-03-19T04:29:28.000000Z\"},{\"id\":891,\"digit\":\"6914\",\"money\":5000,\"order_id\":324,\"type_win\":null,\"created_at\":\"2021-03-19T04:29:28.000000Z\",\"updated_at\":\"2021-03-19T04:29:28.000000Z\"},{\"id\":892,\"digit\":\"177507\",\"money\":5000,\"order_id\":324,\"type_win\":null,\"created_at\":\"2021-03-19T04:29:28.000000Z\",\"updated_at\":\"2021-03-19T04:29:28.000000Z\"},{\"id\":893,\"digit\":\"123\",\"money\":5000,\"order_id\":324,\"type_win\":null,\"created_at\":\"2021-03-19T04:29:28.000000Z\",\"updated_at\":\"2021-03-19T04:29:28.000000Z\"},{\"id\":894,\"digit\":\"12222\",\"money\":5000,\"order_id\":324,\"type_win\":null,\"created_at\":\"2021-03-19T04:29:28.000000Z\",\"updated_at\":\"2021-03-19T04:29:28.000000Z\"}]}', 0),
(477, 'Buy lotto 3/40', '08,06=5,000Lak 05,06,04=5,000Lak 03,05,07=5,000Lak 07,09,10=5,000Lak 10,09,11=5,000Lak 09,15,16=5,000Lak 15,16,14=5,000Lak 19,20=5,000Lak 17,18,20=5,000Lak 15,17,19=5,000Lak 27,28,26=5,000Lak 17,19,20=5,000Lak', 1, '2021-03-19 04:32:59', '2021-03-19 04:32:59', '{\"customer_id\":1,\"bill_number\":\"385595284433300\",\"draw\":727272,\"type\":\"3\\/40\",\"updated_at\":\"2021-03-19T04:32:59.000000Z\",\"created_at\":\"2021-03-19T04:32:59.000000Z\",\"id\":325,\"transaction_id\":\"ncc325\",\"total\":60000,\"status_buy\":true,\"bill340s\":[{\"id\":153,\"animal1\":\"08\",\"animal2\":\"06\",\"animal3\":null,\"digit\":\"08,06\",\"money\":5000,\"order_id\":325,\"type_win\":null,\"created_at\":\"2021-03-19T04:32:59.000000Z\",\"updated_at\":\"2021-03-19T04:32:59.000000Z\"},{\"id\":154,\"animal1\":\"05\",\"animal2\":\"06\",\"animal3\":\"04\",\"digit\":\"05,06,04\",\"money\":5000,\"order_id\":325,\"type_win\":null,\"created_at\":\"2021-03-19T04:32:59.000000Z\",\"updated_at\":\"2021-03-19T04:32:59.000000Z\"},{\"id\":155,\"animal1\":\"03\",\"animal2\":\"05\",\"animal3\":\"07\",\"digit\":\"03,05,07\",\"money\":5000,\"order_id\":325,\"type_win\":null,\"created_at\":\"2021-03-19T04:32:59.000000Z\",\"updated_at\":\"2021-03-19T04:32:59.000000Z\"},{\"id\":156,\"animal1\":\"07\",\"animal2\":\"09\",\"animal3\":\"10\",\"digit\":\"07,09,10\",\"money\":5000,\"order_id\":325,\"type_win\":null,\"created_at\":\"2021-03-19T04:32:59.000000Z\",\"updated_at\":\"2021-03-19T04:32:59.000000Z\"},{\"id\":157,\"animal1\":\"10\",\"animal2\":\"09\",\"animal3\":\"11\",\"digit\":\"10,09,11\",\"money\":5000,\"order_id\":325,\"type_win\":null,\"created_at\":\"2021-03-19T04:32:59.000000Z\",\"updated_at\":\"2021-03-19T04:32:59.000000Z\"},{\"id\":158,\"animal1\":\"09\",\"animal2\":\"15\",\"animal3\":\"16\",\"digit\":\"09,15,16\",\"money\":5000,\"order_id\":325,\"type_win\":null,\"created_at\":\"2021-03-19T04:32:59.000000Z\",\"updated_at\":\"2021-03-19T04:32:59.000000Z\"},{\"id\":159,\"animal1\":\"15\",\"animal2\":\"16\",\"animal3\":\"14\",\"digit\":\"15,16,14\",\"money\":5000,\"order_id\":325,\"type_win\":null,\"created_at\":\"2021-03-19T04:32:59.000000Z\",\"updated_at\":\"2021-03-19T04:32:59.000000Z\"},{\"id\":160,\"animal1\":\"19\",\"animal2\":\"20\",\"animal3\":null,\"digit\":\"19,20\",\"money\":5000,\"order_id\":325,\"type_win\":null,\"created_at\":\"2021-03-19T04:32:59.000000Z\",\"updated_at\":\"2021-03-19T04:32:59.000000Z\"},{\"id\":161,\"animal1\":\"17\",\"animal2\":\"18\",\"animal3\":\"20\",\"digit\":\"17,18,20\",\"money\":5000,\"order_id\":325,\"type_win\":null,\"created_at\":\"2021-03-19T04:32:59.000000Z\",\"updated_at\":\"2021-03-19T04:32:59.000000Z\"},{\"id\":162,\"animal1\":\"15\",\"animal2\":\"17\",\"animal3\":\"19\",\"digit\":\"15,17,19\",\"money\":5000,\"order_id\":325,\"type_win\":null,\"created_at\":\"2021-03-19T04:32:59.000000Z\",\"updated_at\":\"2021-03-19T04:32:59.000000Z\"},{\"id\":163,\"animal1\":\"27\",\"animal2\":\"28\",\"animal3\":\"26\",\"digit\":\"27,28,26\",\"money\":5000,\"order_id\":325,\"type_win\":null,\"created_at\":\"2021-03-19T04:32:59.000000Z\",\"updated_at\":\"2021-03-19T04:32:59.000000Z\"},{\"id\":164,\"animal1\":\"17\",\"animal2\":\"19\",\"animal3\":\"20\",\"digit\":\"17,19,20\",\"money\":5000,\"order_id\":325,\"type_win\":null,\"created_at\":\"2021-03-19T04:32:59.000000Z\",\"updated_at\":\"2021-03-19T04:32:59.000000Z\"}]}', 0),
(478, 'Buy lotto 6D', '325562=1,000LAK', 1, '2021-03-19 06:18:21', '2021-03-19 06:18:21', '{\"customer_id\":1,\"bill_number\":\"385595394881822\",\"draw\":727272,\"type\":\"2d3d4d5d6d\",\"updated_at\":\"2021-03-19T06:18:20.000000Z\",\"created_at\":\"2021-03-19T06:18:19.000000Z\",\"id\":327,\"transaction_id\":\"ncc327\",\"total\":1000,\"status_buy\":true,\"billorder2d3d4d5d6ds\":[{\"id\":898,\"digit\":\"325562\",\"money\":2000,\"order_id\":327,\"type_win\":null,\"created_at\":\"2021-03-19T06:18:19.000000Z\",\"updated_at\":\"2021-03-19T06:18:19.000000Z\"}]}', 0),
(479, 'Buy lotto 6D', '265793=1,000LAK 61643=1,000LAK', 1, '2021-03-19 06:19:40', '2021-03-19 06:19:40', '{\"customer_id\":1,\"bill_number\":\"385591204881942\",\"draw\":727272,\"type\":\"2d3d4d5d6d\",\"updated_at\":\"2021-03-19T06:19:40.000000Z\",\"created_at\":\"2021-03-19T06:19:38.000000Z\",\"id\":328,\"transaction_id\":\"ncc328\",\"total\":2000,\"status_buy\":true,\"billorder2d3d4d5d6ds\":[{\"id\":899,\"digit\":\"265793\",\"money\":5000,\"order_id\":328,\"type_win\":null,\"created_at\":\"2021-03-19T06:19:38.000000Z\",\"updated_at\":\"2021-03-19T06:19:38.000000Z\"},{\"id\":900,\"digit\":\"61643\",\"money\":1000,\"order_id\":328,\"type_win\":null,\"created_at\":\"2021-03-19T06:19:38.000000Z\",\"updated_at\":\"2021-03-19T06:19:38.000000Z\"}]}', 0),
(480, 'Buy lotto 6D', '808672=1,000LAK', 1, '2021-03-19 06:22:30', '2021-03-19 06:22:30', '{\"customer_id\":1,\"bill_number\":\"385594254882232\",\"draw\":727272,\"type\":\"2d3d4d5d6d\",\"updated_at\":\"2021-03-19T06:22:30.000000Z\",\"created_at\":\"2021-03-19T06:22:28.000000Z\",\"id\":329,\"transaction_id\":\"ncc329\",\"total\":1000,\"status_buy\":true,\"billorder2d3d4d5d6ds\":[{\"id\":901,\"digit\":\"808672\",\"money\":6000,\"order_id\":329,\"type_win\":null,\"created_at\":\"2021-03-19T06:22:28.000000Z\",\"updated_at\":\"2021-03-19T06:22:28.000000Z\"}]}', 0),
(481, 'Buy lotto 6D', '82705=1,000LAK', 1, '2021-03-19 06:24:35', '2021-03-19 06:24:35', '{\"customer_id\":1,\"bill_number\":\"385592834882437\",\"draw\":727272,\"type\":\"2d3d4d5d6d\",\"updated_at\":\"2021-03-19T06:24:35.000000Z\",\"created_at\":\"2021-03-19T06:24:33.000000Z\",\"id\":331,\"transaction_id\":\"ncc331\",\"total\":1000,\"status_buy\":true,\"billorder2d3d4d5d6ds\":[{\"id\":903,\"digit\":\"82705\",\"money\":1000,\"order_id\":331,\"type_win\":null,\"created_at\":\"2021-03-19T06:24:33.000000Z\",\"updated_at\":\"2021-03-19T06:24:33.000000Z\"}]}', 0),
(482, 'Buy lotto 6D', '82705=1,000LAK', 1, '2021-03-19 06:24:50', '2021-03-19 06:24:50', '{\"customer_id\":1,\"bill_number\":\"385599314882452\",\"draw\":727272,\"type\":\"2d3d4d5d6d\",\"updated_at\":\"2021-03-19T06:24:50.000000Z\",\"created_at\":\"2021-03-19T06:24:49.000000Z\",\"id\":332,\"transaction_id\":\"ncc332\",\"total\":1000,\"status_buy\":true,\"billorder2d3d4d5d6ds\":[{\"id\":904,\"digit\":\"82705\",\"money\":5000,\"order_id\":332,\"type_win\":null,\"created_at\":\"2021-03-19T06:24:49.000000Z\",\"updated_at\":\"2021-03-19T06:24:49.000000Z\"}]}', 0),
(483, 'Buy lotto 6D', '71=6,000LAK', 1, '2021-03-19 06:25:14', '2021-03-19 06:25:14', '{\"customer_id\":1,\"bill_number\":\"385591714882516\",\"draw\":727272,\"type\":\"2d3d4d5d6d\",\"updated_at\":\"2021-03-19T06:25:14.000000Z\",\"created_at\":\"2021-03-19T06:25:13.000000Z\",\"id\":333,\"transaction_id\":\"ncc333\",\"total\":6000,\"status_buy\":true,\"billorder2d3d4d5d6ds\":[{\"id\":905,\"digit\":\"71\",\"money\":6000,\"order_id\":333,\"type_win\":null,\"created_at\":\"2021-03-19T06:25:13.000000Z\",\"updated_at\":\"2021-03-19T06:25:13.000000Z\"}]}', 0),
(484, 'Buy lotto 6D', '71=6,000LAK', 1, '2021-03-19 06:25:29', '2021-03-19 06:25:29', '{\"customer_id\":1,\"bill_number\":\"385596574882531\",\"draw\":727272,\"type\":\"2d3d4d5d6d\",\"updated_at\":\"2021-03-19T06:25:29.000000Z\",\"created_at\":\"2021-03-19T06:25:27.000000Z\",\"id\":334,\"transaction_id\":\"ncc334\",\"total\":6000,\"status_buy\":true,\"billorder2d3d4d5d6ds\":[{\"id\":906,\"digit\":\"71\",\"money\":6000,\"order_id\":334,\"type_win\":null,\"created_at\":\"2021-03-19T06:25:28.000000Z\",\"updated_at\":\"2021-03-19T06:25:28.000000Z\"}]}', 0),
(485, 'Buy lotto 6D', '868=1,000LAK 138792=1,000LAK 997=1,000LAK', 1, '2021-03-19 06:25:46', '2021-03-19 06:25:46', '{\"customer_id\":1,\"bill_number\":\"385598454882548\",\"draw\":727272,\"type\":\"2d3d4d5d6d\",\"updated_at\":\"2021-03-19T06:25:46.000000Z\",\"created_at\":\"2021-03-19T06:25:45.000000Z\",\"id\":335,\"transaction_id\":\"ncc335\",\"total\":3000,\"status_buy\":true,\"billorder2d3d4d5d6ds\":[{\"id\":907,\"digit\":\"868\",\"money\":1000,\"order_id\":335,\"type_win\":null,\"created_at\":\"2021-03-19T06:25:45.000000Z\",\"updated_at\":\"2021-03-19T06:25:45.000000Z\"},{\"id\":908,\"digit\":\"138792\",\"money\":1000,\"order_id\":335,\"type_win\":null,\"created_at\":\"2021-03-19T06:25:45.000000Z\",\"updated_at\":\"2021-03-19T06:25:45.000000Z\"},{\"id\":909,\"digit\":\"997\",\"money\":1000,\"order_id\":335,\"type_win\":null,\"created_at\":\"2021-03-19T06:25:45.000000Z\",\"updated_at\":\"2021-03-19T06:25:45.000000Z\"}]}', 0),
(486, 'Buy lotto 6D', '50049=1,000LAK 648=2,000LAK 7057=3,000LAK', 1, '2021-03-19 06:26:09', '2021-03-19 06:26:09', '{\"customer_id\":1,\"bill_number\":\"385599704882611\",\"draw\":727272,\"type\":\"2d3d4d5d6d\",\"updated_at\":\"2021-03-19T06:26:09.000000Z\",\"created_at\":\"2021-03-19T06:26:08.000000Z\",\"id\":336,\"transaction_id\":\"ncc336\",\"total\":6000,\"status_buy\":true,\"billorder2d3d4d5d6ds\":[{\"id\":910,\"digit\":\"50049\",\"money\":1000,\"order_id\":336,\"type_win\":null,\"created_at\":\"2021-03-19T06:26:08.000000Z\",\"updated_at\":\"2021-03-19T06:26:08.000000Z\"},{\"id\":911,\"digit\":\"648\",\"money\":2000,\"order_id\":336,\"type_win\":null,\"created_at\":\"2021-03-19T06:26:08.000000Z\",\"updated_at\":\"2021-03-19T06:26:08.000000Z\"},{\"id\":912,\"digit\":\"7057\",\"money\":3000,\"order_id\":336,\"type_win\":null,\"created_at\":\"2021-03-19T06:26:08.000000Z\",\"updated_at\":\"2021-03-19T06:26:08.000000Z\"}]}', 0),
(487, 'Buy lotto 6D', '6756=5,000LAK 585=5,000LAK 55=5,000LAK', 1, '2021-03-19 06:26:27', '2021-03-19 06:26:27', '{\"customer_id\":1,\"bill_number\":\"385595424882629\",\"draw\":727272,\"type\":\"2d3d4d5d6d\",\"updated_at\":\"2021-03-19T06:26:27.000000Z\",\"created_at\":\"2021-03-19T06:26:25.000000Z\",\"id\":337,\"transaction_id\":\"ncc337\",\"total\":15000,\"status_buy\":true,\"billorder2d3d4d5d6ds\":[{\"id\":913,\"digit\":\"6756\",\"money\":5000,\"order_id\":337,\"type_win\":null,\"created_at\":\"2021-03-19T06:26:25.000000Z\",\"updated_at\":\"2021-03-19T06:26:25.000000Z\"},{\"id\":914,\"digit\":\"585\",\"money\":5000,\"order_id\":337,\"type_win\":null,\"created_at\":\"2021-03-19T06:26:25.000000Z\",\"updated_at\":\"2021-03-19T06:26:25.000000Z\"},{\"id\":915,\"digit\":\"55\",\"money\":5000,\"order_id\":337,\"type_win\":null,\"created_at\":\"2021-03-19T06:26:25.000000Z\",\"updated_at\":\"2021-03-19T06:26:25.000000Z\"}]}', 0),
(488, 'Buy lotto 6D', '46156=2,000LAK 302=7,000LAK', 1, '2021-03-19 06:44:49', '2021-03-19 06:44:49', '{\"customer_id\":1,\"bill_number\":\"385597204884451\",\"draw\":727272,\"type\":\"2d3d4d5d6d\",\"updated_at\":\"2021-03-19T06:44:49.000000Z\",\"created_at\":\"2021-03-19T06:44:48.000000Z\",\"id\":338,\"transaction_id\":\"ncc338\",\"total\":9000,\"status_buy\":true,\"billorder2d3d4d5d6ds\":[{\"id\":916,\"digit\":\"46156\",\"money\":6000,\"order_id\":338,\"type_win\":null,\"created_at\":\"2021-03-19T06:44:48.000000Z\",\"updated_at\":\"2021-03-19T06:44:48.000000Z\"},{\"id\":917,\"digit\":\"302\",\"money\":7000,\"order_id\":338,\"type_win\":null,\"created_at\":\"2021-03-19T06:44:48.000000Z\",\"updated_at\":\"2021-03-19T06:44:48.000000Z\"}]}', 0),
(489, 'Buy lotto 6D', '88=1,000LAK 585=1,000LAK', 1, '2021-03-19 06:45:05', '2021-03-19 06:45:05', '{\"customer_id\":1,\"bill_number\":\"385598594884507\",\"draw\":727272,\"type\":\"2d3d4d5d6d\",\"updated_at\":\"2021-03-19T06:45:05.000000Z\",\"created_at\":\"2021-03-19T06:45:03.000000Z\",\"id\":339,\"transaction_id\":\"ncc339\",\"total\":2000,\"status_buy\":true,\"billorder2d3d4d5d6ds\":[{\"id\":918,\"digit\":\"88\",\"money\":1000,\"order_id\":339,\"type_win\":null,\"created_at\":\"2021-03-19T06:45:03.000000Z\",\"updated_at\":\"2021-03-19T06:45:03.000000Z\"},{\"id\":919,\"digit\":\"585\",\"money\":1000,\"order_id\":339,\"type_win\":null,\"created_at\":\"2021-03-19T06:45:03.000000Z\",\"updated_at\":\"2021-03-19T06:45:03.000000Z\"}]}', 0),
(490, 'Buy lotto 6D', '64591=1,000LAK 6257=1,000LAK', 1, '2021-03-19 07:04:17', '2021-03-19 07:04:17', '{\"customer_id\":1,\"bill_number\":\"385593954880419\",\"draw\":727272,\"type\":\"2d3d4d5d6d\",\"updated_at\":\"2021-03-19T07:04:17.000000Z\",\"created_at\":\"2021-03-19T07:04:15.000000Z\",\"id\":340,\"transaction_id\":\"ncc340\",\"total\":2000,\"status_buy\":true,\"billorder2d3d4d5d6ds\":[{\"id\":920,\"digit\":\"64591\",\"money\":1000,\"order_id\":340,\"type_win\":null,\"created_at\":\"2021-03-19T07:04:15.000000Z\",\"updated_at\":\"2021-03-19T07:04:15.000000Z\"},{\"id\":921,\"digit\":\"6257\",\"money\":1000,\"order_id\":340,\"type_win\":null,\"created_at\":\"2021-03-19T07:04:15.000000Z\",\"updated_at\":\"2021-03-19T07:04:15.000000Z\"}]}', 0),
(491, 'Buy lotto 6D', '7523=2,000LAK 31755=2,000LAK 7045=2,000LAK', 1, '2021-03-19 07:13:06', '2021-03-19 07:13:06', '{\"customer_id\":1,\"bill_number\":\"385593404881308\",\"draw\":727272,\"type\":\"2d3d4d5d6d\",\"updated_at\":\"2021-03-19T07:13:06.000000Z\",\"created_at\":\"2021-03-19T07:13:05.000000Z\",\"id\":341,\"transaction_id\":\"ncc341\",\"total\":6000,\"status_buy\":true,\"billorder2d3d4d5d6ds\":[{\"id\":922,\"digit\":\"7523\",\"money\":2000,\"order_id\":341,\"type_win\":null,\"created_at\":\"2021-03-19T07:13:05.000000Z\",\"updated_at\":\"2021-03-19T07:13:05.000000Z\"},{\"id\":923,\"digit\":\"31755\",\"money\":2000,\"order_id\":341,\"type_win\":null,\"created_at\":\"2021-03-19T07:13:05.000000Z\",\"updated_at\":\"2021-03-19T07:13:05.000000Z\"},{\"id\":924,\"digit\":\"7045\",\"money\":2000,\"order_id\":341,\"type_win\":null,\"created_at\":\"2021-03-19T07:13:05.000000Z\",\"updated_at\":\"2021-03-19T07:13:05.000000Z\"}]}', 0),
(492, 'Buy lotto 6D', '4814=1,000LAK 80583=1,000LAK', 1, '2021-03-19 07:15:42', '2021-03-19 07:15:42', '{\"customer_id\":1,\"bill_number\":\"385596634881544\",\"draw\":727272,\"type\":\"2d3d4d5d6d\",\"updated_at\":\"2021-03-19T07:15:42.000000Z\",\"created_at\":\"2021-03-19T07:15:41.000000Z\",\"id\":342,\"transaction_id\":\"ncc342\",\"total\":2000,\"status_buy\":true,\"billorder2d3d4d5d6ds\":[{\"id\":925,\"digit\":\"4814\",\"money\":1000,\"order_id\":342,\"type_win\":null,\"created_at\":\"2021-03-19T07:15:41.000000Z\",\"updated_at\":\"2021-03-19T07:15:41.000000Z\"},{\"id\":926,\"digit\":\"80583\",\"money\":1000,\"order_id\":342,\"type_win\":null,\"created_at\":\"2021-03-19T07:15:41.000000Z\",\"updated_at\":\"2021-03-19T07:15:41.000000Z\"}]}', 0),
(493, 'Buy lotto 6D', '74=7,000LAK 791=5,000LAK 1008=50,000LAK 78789=2,000LAK 323232=1,000LAK', 1, '2021-03-19 09:29:56', '2021-03-19 09:29:56', '{\"customer_id\":5,\"bill_number\":\"385957474882958\",\"draw\":727272,\"type\":\"2d3d4d5d6d\",\"updated_at\":\"2021-03-19T09:29:56.000000Z\",\"created_at\":\"2021-03-19T09:29:54.000000Z\",\"id\":343,\"transaction_id\":\"ncc343\",\"total\":65000,\"status_buy\":true,\"billorder2d3d4d5d6ds\":[{\"id\":927,\"digit\":\"74\",\"money\":7000,\"order_id\":343,\"type_win\":null,\"created_at\":\"2021-03-19T09:29:54.000000Z\",\"updated_at\":\"2021-03-19T09:29:54.000000Z\"},{\"id\":928,\"digit\":\"791\",\"money\":5000,\"order_id\":343,\"type_win\":null,\"created_at\":\"2021-03-19T09:29:54.000000Z\",\"updated_at\":\"2021-03-19T09:29:54.000000Z\"},{\"id\":929,\"digit\":\"1008\",\"money\":100000,\"order_id\":343,\"type_win\":null,\"created_at\":\"2021-03-19T09:29:54.000000Z\",\"updated_at\":\"2021-03-19T09:29:54.000000Z\"},{\"id\":930,\"digit\":\"78789\",\"money\":100000,\"order_id\":343,\"type_win\":null,\"created_at\":\"2021-03-19T09:29:54.000000Z\",\"updated_at\":\"2021-03-19T09:29:54.000000Z\"},{\"id\":931,\"digit\":\"323232\",\"money\":100000,\"order_id\":343,\"type_win\":null,\"created_at\":\"2021-03-19T09:29:54.000000Z\",\"updated_at\":\"2021-03-19T09:29:54.000000Z\"}]}', 0),
(494, 'Buy lotto 3/40', '06,07,08=6,000Lak 18,19,20=1,000Lak 22,23,24=1,000Lak', 1, '2021-03-22 06:24:36', '2021-03-22 06:24:36', '{\"customer_id\":1,\"bill_number\":\"385597354432442\",\"draw\":727272,\"type\":\"3\\/40\",\"updated_at\":\"2021-03-22T06:24:36.000000Z\",\"created_at\":\"2021-03-22T06:24:36.000000Z\",\"id\":345,\"transaction_id\":\"ncc345\",\"total\":8000,\"status_buy\":true,\"bill340s\":[{\"id\":169,\"animal1\":\"06\",\"animal2\":\"07\",\"animal3\":\"08\",\"digit\":\"06,07,08\",\"money\":6000,\"order_id\":345,\"type_win\":null,\"created_at\":\"2021-03-22T06:24:36.000000Z\",\"updated_at\":\"2021-03-22T06:24:36.000000Z\"},{\"id\":170,\"animal1\":\"18\",\"animal2\":\"19\",\"animal3\":\"20\",\"digit\":\"18,19,20\",\"money\":1000,\"order_id\":345,\"type_win\":null,\"created_at\":\"2021-03-22T06:24:36.000000Z\",\"updated_at\":\"2021-03-22T06:24:36.000000Z\"},{\"id\":171,\"animal1\":\"22\",\"animal2\":\"23\",\"animal3\":\"24\",\"digit\":\"22,23,24\",\"money\":1000,\"order_id\":345,\"type_win\":null,\"created_at\":\"2021-03-22T06:24:36.000000Z\",\"updated_at\":\"2021-03-22T06:24:36.000000Z\"}]}', 0),
(495, 'Buy lotto 3/40', '06,07,08=50,000Lak 18,19,20=50,000Lak 22,23,24=50,000Lak', 1, '2021-03-22 06:27:06', '2021-03-22 06:27:06', '{\"customer_id\":1,\"bill_number\":\"385597844432712\",\"draw\":727272,\"type\":\"3\\/40\",\"updated_at\":\"2021-03-22T06:27:06.000000Z\",\"created_at\":\"2021-03-22T06:27:05.000000Z\",\"id\":346,\"transaction_id\":\"ncc346\",\"total\":150000,\"status_buy\":true,\"bill340s\":[{\"id\":172,\"animal1\":\"06\",\"animal2\":\"07\",\"animal3\":\"08\",\"digit\":\"06,07,08\",\"money\":50000,\"order_id\":346,\"type_win\":null,\"created_at\":\"2021-03-22T06:27:05.000000Z\",\"updated_at\":\"2021-03-22T06:27:05.000000Z\"},{\"id\":173,\"animal1\":\"18\",\"animal2\":\"19\",\"animal3\":\"20\",\"digit\":\"18,19,20\",\"money\":50000,\"order_id\":346,\"type_win\":null,\"created_at\":\"2021-03-22T06:27:05.000000Z\",\"updated_at\":\"2021-03-22T06:27:05.000000Z\"},{\"id\":174,\"animal1\":\"22\",\"animal2\":\"23\",\"animal3\":\"24\",\"digit\":\"22,23,24\",\"money\":50000,\"order_id\":346,\"type_win\":null,\"created_at\":\"2021-03-22T06:27:05.000000Z\",\"updated_at\":\"2021-03-22T06:27:05.000000Z\"}]}', 0),
(496, 'Buy lotto 3/40', '06,07,08=2,000Lak 18,19,20=2,000Lak 22,23,24=2,000Lak', 1, '2021-03-22 06:28:35', '2021-03-22 06:28:35', '{\"customer_id\":1,\"bill_number\":\"385599094432841\",\"draw\":727272,\"type\":\"3\\/40\",\"updated_at\":\"2021-03-22T06:28:35.000000Z\",\"created_at\":\"2021-03-22T06:28:35.000000Z\",\"id\":347,\"transaction_id\":\"ncc347\",\"total\":6000,\"status_buy\":true,\"bill340s\":[{\"id\":175,\"animal1\":\"06\",\"animal2\":\"07\",\"animal3\":\"08\",\"digit\":\"06,07,08\",\"money\":2000,\"order_id\":347,\"type_win\":null,\"created_at\":\"2021-03-22T06:28:35.000000Z\",\"updated_at\":\"2021-03-22T06:28:35.000000Z\"},{\"id\":176,\"animal1\":\"18\",\"animal2\":\"19\",\"animal3\":\"20\",\"digit\":\"18,19,20\",\"money\":2000,\"order_id\":347,\"type_win\":null,\"created_at\":\"2021-03-22T06:28:35.000000Z\",\"updated_at\":\"2021-03-22T06:28:35.000000Z\"},{\"id\":177,\"animal1\":\"22\",\"animal2\":\"23\",\"animal3\":\"24\",\"digit\":\"22,23,24\",\"money\":2000,\"order_id\":347,\"type_win\":null,\"created_at\":\"2021-03-22T06:28:35.000000Z\",\"updated_at\":\"2021-03-22T06:28:35.000000Z\"}]}', 0),
(497, 'Buy lotto 3/40', '05,06,07=6,000Lak 06,07,08=5,000Lak 18,19,20=5,000Lak', 1, '2021-03-22 06:34:30', '2021-03-22 06:34:30', '{\"customer_id\":1,\"bill_number\":\"385591914433437\",\"draw\":727272,\"type\":\"3\\/40\",\"updated_at\":\"2021-03-22T06:34:30.000000Z\",\"created_at\":\"2021-03-22T06:34:30.000000Z\",\"id\":348,\"transaction_id\":\"ncc348\",\"total\":16000,\"status_buy\":true,\"bill340s\":[{\"id\":178,\"animal1\":\"05\",\"animal2\":\"06\",\"animal3\":\"07\",\"digit\":\"05,06,07\",\"money\":6000,\"order_id\":348,\"type_win\":null,\"created_at\":\"2021-03-22T06:34:30.000000Z\",\"updated_at\":\"2021-03-22T06:34:30.000000Z\"},{\"id\":179,\"animal1\":\"06\",\"animal2\":\"07\",\"animal3\":\"08\",\"digit\":\"06,07,08\",\"money\":5000,\"order_id\":348,\"type_win\":null,\"created_at\":\"2021-03-22T06:34:30.000000Z\",\"updated_at\":\"2021-03-22T06:34:30.000000Z\"},{\"id\":180,\"animal1\":\"18\",\"animal2\":\"19\",\"animal3\":\"20\",\"digit\":\"18,19,20\",\"money\":5000,\"order_id\":348,\"type_win\":null,\"created_at\":\"2021-03-22T06:34:30.000000Z\",\"updated_at\":\"2021-03-22T06:34:30.000000Z\"}]}', 0),
(498, 'Buy lotto 6D', '451848=1,000LAK 72254=2,000LAK 2252=5,000LAK', 1, '2021-03-22 06:37:04', '2021-03-22 06:37:04', '{\"customer_id\":1,\"bill_number\":\"385596294883711\",\"draw\":727272,\"type\":\"2d3d4d5d6d\",\"updated_at\":\"2021-03-22T06:37:04.000000Z\",\"created_at\":\"2021-03-22T06:37:02.000000Z\",\"id\":349,\"transaction_id\":\"ncc349\",\"total\":8000,\"status_buy\":true,\"billorder2d3d4d5d6ds\":[{\"id\":932,\"digit\":\"451848\",\"money\":200000,\"order_id\":349,\"type_win\":null,\"created_at\":\"2021-03-22T06:37:02.000000Z\",\"updated_at\":\"2021-03-22T06:37:02.000000Z\"},{\"id\":933,\"digit\":\"72254\",\"money\":4000,\"order_id\":349,\"type_win\":null,\"created_at\":\"2021-03-22T06:37:02.000000Z\",\"updated_at\":\"2021-03-22T06:37:02.000000Z\"},{\"id\":934,\"digit\":\"2252\",\"money\":5000,\"order_id\":349,\"type_win\":null,\"created_at\":\"2021-03-22T06:37:02.000000Z\",\"updated_at\":\"2021-03-22T06:37:02.000000Z\"}]}', 0),
(499, 'Buy lotto 3/40', '13,14,15=4,000Lak 18,19,20=1,000Lak', 1, '2021-03-22 06:37:37', '2021-03-22 06:37:37', '{\"customer_id\":1,\"bill_number\":\"385594524433743\",\"draw\":727272,\"type\":\"3\\/40\",\"updated_at\":\"2021-03-22T06:37:37.000000Z\",\"created_at\":\"2021-03-22T06:37:37.000000Z\",\"id\":350,\"transaction_id\":\"ncc350\",\"total\":5000,\"status_buy\":true,\"bill340s\":[{\"id\":181,\"animal1\":\"13\",\"animal2\":\"14\",\"animal3\":\"15\",\"digit\":\"13,14,15\",\"money\":4000,\"order_id\":350,\"type_win\":null,\"created_at\":\"2021-03-22T06:37:37.000000Z\",\"updated_at\":\"2021-03-22T06:37:37.000000Z\"},{\"id\":182,\"animal1\":\"18\",\"animal2\":\"19\",\"animal3\":\"20\",\"digit\":\"18,19,20\",\"money\":1000,\"order_id\":350,\"type_win\":null,\"created_at\":\"2021-03-22T06:37:37.000000Z\",\"updated_at\":\"2021-03-22T06:37:37.000000Z\"}]}', 0),
(500, 'Buy lotto 6D', '778=2,000LAK 36428=2,000LAK 214609=1,000LAK 58457=2,000LAK', 1, '2021-03-22 06:55:30', '2021-03-22 06:55:30', '{\"customer_id\":2,\"bill_number\":\"385603944885537\",\"draw\":727272,\"type\":\"2d3d4d5d6d\",\"updated_at\":\"2021-03-22T06:55:30.000000Z\",\"created_at\":\"2021-03-22T06:55:29.000000Z\",\"id\":351,\"transaction_id\":\"ncc351\",\"total\":7000,\"status_buy\":true,\"billorder2d3d4d5d6ds\":[{\"id\":935,\"digit\":\"778\",\"money\":2000,\"order_id\":351,\"type_win\":null,\"created_at\":\"2021-03-22T06:55:29.000000Z\",\"updated_at\":\"2021-03-22T06:55:29.000000Z\"},{\"id\":936,\"digit\":\"36428\",\"money\":2000,\"order_id\":351,\"type_win\":null,\"created_at\":\"2021-03-22T06:55:29.000000Z\",\"updated_at\":\"2021-03-22T06:55:29.000000Z\"},{\"id\":937,\"digit\":\"214609\",\"money\":2000,\"order_id\":351,\"type_win\":null,\"created_at\":\"2021-03-22T06:55:29.000000Z\",\"updated_at\":\"2021-03-22T06:55:29.000000Z\"},{\"id\":938,\"digit\":\"58457\",\"money\":2000,\"order_id\":351,\"type_win\":null,\"created_at\":\"2021-03-22T06:55:29.000000Z\",\"updated_at\":\"2021-03-22T06:55:29.000000Z\"}]}', 0),
(501, 'Buy lotto 3/40', '01,02,03=5,000Lak 03,04,07=5,000Lak 15,19,20=50,000Lak 17,18=5,000Lak', 1, '2021-03-22 06:58:37', '2021-03-22 06:58:37', '{\"customer_id\":2,\"bill_number\":\"385604174435843\",\"draw\":727272,\"type\":\"3\\/40\",\"updated_at\":\"2021-03-22T06:58:37.000000Z\",\"created_at\":\"2021-03-22T06:58:37.000000Z\",\"id\":352,\"transaction_id\":\"ncc352\",\"total\":65000,\"status_buy\":true,\"bill340s\":[{\"id\":183,\"animal1\":\"01\",\"animal2\":\"02\",\"animal3\":\"03\",\"digit\":\"01,02,03\",\"money\":5000,\"order_id\":352,\"type_win\":null,\"created_at\":\"2021-03-22T06:58:37.000000Z\",\"updated_at\":\"2021-03-22T06:58:37.000000Z\"},{\"id\":184,\"animal1\":\"03\",\"animal2\":\"04\",\"animal3\":\"07\",\"digit\":\"03,04,07\",\"money\":5000,\"order_id\":352,\"type_win\":null,\"created_at\":\"2021-03-22T06:58:37.000000Z\",\"updated_at\":\"2021-03-22T06:58:37.000000Z\"},{\"id\":185,\"animal1\":\"15\",\"animal2\":\"19\",\"animal3\":\"20\",\"digit\":\"15,19,20\",\"money\":50000,\"order_id\":352,\"type_win\":null,\"created_at\":\"2021-03-22T06:58:37.000000Z\",\"updated_at\":\"2021-03-22T06:58:37.000000Z\"},{\"id\":186,\"animal1\":\"17\",\"animal2\":\"18\",\"animal3\":null,\"digit\":\"17,18\",\"money\":5000,\"order_id\":352,\"type_win\":null,\"created_at\":\"2021-03-22T06:58:37.000000Z\",\"updated_at\":\"2021-03-22T06:58:37.000000Z\"}]}', 0),
(502, 'promotiontt111', 'promotion buy 1 get 10', 4, '2021-03-22 07:21:48', '2021-03-22 07:21:48', '{\"id\":2,\"title\":\"promotiontt111\",\"content\":\"promotion buy 1 get 10\",\"image\":\"\\/storage\\/promotion_image\\/XzE2MTI4NTEyMDk=.jpg\",\"start\":\"2021-03-22 13:13:00\",\"end\":\"2021-04-10 13:14:00\",\"created_at\":\"2021-02-09T06:13:29.000000Z\",\"updated_at\":\"2021-03-22T07:20:08.000000Z\"}', 0),
(503, 'Congratulations You win', 'Type: 2d3d4d5d6d || Total: 60,000', 2, '2021-03-22 07:28:54', '2021-03-22 07:28:54', '{\"id\":319,\"customer_id\":1,\"bill_number\":385597944884006,\"draw\":727272,\"type\":\"2d3d4d5d6d\",\"status_win\":1,\"total\":1000,\"total_win\":60000,\"transaction_id\":\"ncc319\",\"status_buy\":1,\"msg\":null,\"created_at\":\"2021-03-18T08:39:49.000000Z\",\"updated_at\":\"2021-03-22T07:28:53.000000Z\"}', 0),
(504, 'Congratulations You win', 'Type: 3/40 || Total: 6,000,000', 2, '2021-03-22 07:28:54', '2021-03-22 07:28:54', '{\"id\":320,\"customer_id\":1,\"bill_number\":385596764434028,\"draw\":727272,\"type\":\"3\\/40\",\"status_win\":1,\"total\":1000,\"total_win\":6000000,\"transaction_id\":\"ncc320\",\"status_buy\":1,\"msg\":null,\"created_at\":\"2021-03-18T08:40:12.000000Z\",\"updated_at\":\"2021-03-22T07:28:54.000000Z\"}', 0),
(505, 'Congratulations You win', 'Type: 3/40 || Total: 30,000,000', 2, '2021-03-22 07:28:55', '2021-03-22 07:28:55', '{\"id\":352,\"customer_id\":2,\"bill_number\":385604174435843,\"draw\":727272,\"type\":\"3\\/40\",\"status_win\":1,\"total\":65000,\"total_win\":30000000,\"transaction_id\":\"ncc352\",\"status_buy\":1,\"msg\":null,\"created_at\":\"2021-03-22T06:58:37.000000Z\",\"updated_at\":\"2021-03-22T07:28:54.000000Z\"}', 0),
(506, 'Buy lotto 6D', '882709=1,000LAK 98606=2,000LAK', 1, '2021-03-22 08:29:39', '2021-03-22 08:29:39', '{\"customer_id\":2,\"bill_number\":\"385606544882945\",\"draw\":727272,\"type\":\"2d3d4d5d6d\",\"updated_at\":\"2021-03-22T08:29:39.000000Z\",\"created_at\":\"2021-03-22T08:29:37.000000Z\",\"id\":353,\"transaction_id\":\"ncc353\",\"total\":3000,\"status_buy\":true,\"billorder2d3d4d5d6ds\":[{\"id\":939,\"digit\":\"882709\",\"money\":50000,\"order_id\":353,\"type_win\":null,\"created_at\":\"2021-03-22T08:29:37.000000Z\",\"updated_at\":\"2021-03-22T08:29:37.000000Z\"},{\"id\":940,\"digit\":\"98606\",\"money\":50000,\"order_id\":353,\"type_win\":null,\"created_at\":\"2021-03-22T08:29:37.000000Z\",\"updated_at\":\"2021-03-22T08:29:37.000000Z\"}]}', 0),
(507, 'Buy lotto 6D', '439872=1,000LAK 20970=2,000LAK 649890=1,000LAK 2211=20,000LAK', 1, '2021-03-22 08:30:07', '2021-03-22 08:30:07', '{\"customer_id\":1,\"bill_number\":\"385593974883013\",\"draw\":727272,\"type\":\"2d3d4d5d6d\",\"updated_at\":\"2021-03-22T08:30:07.000000Z\",\"created_at\":\"2021-03-22T08:30:06.000000Z\",\"id\":354,\"transaction_id\":\"ncc354\",\"total\":24000,\"status_buy\":true,\"billorder2d3d4d5d6ds\":[{\"id\":941,\"digit\":\"439872\",\"money\":20000,\"order_id\":354,\"type_win\":null,\"created_at\":\"2021-03-22T08:30:06.000000Z\",\"updated_at\":\"2021-03-22T08:30:06.000000Z\"},{\"id\":942,\"digit\":\"20970\",\"money\":20000,\"order_id\":354,\"type_win\":null,\"created_at\":\"2021-03-22T08:30:06.000000Z\",\"updated_at\":\"2021-03-22T08:30:06.000000Z\"},{\"id\":943,\"digit\":\"649890\",\"money\":20000,\"order_id\":354,\"type_win\":null,\"created_at\":\"2021-03-22T08:30:06.000000Z\",\"updated_at\":\"2021-03-22T08:30:06.000000Z\"},{\"id\":944,\"digit\":\"2211\",\"money\":20000,\"order_id\":354,\"type_win\":null,\"created_at\":\"2021-03-22T08:30:06.000000Z\",\"updated_at\":\"2021-03-22T08:30:06.000000Z\"}]}', 0),
(508, 'Buy lotto 3/40', '18,19,20=2,000Lak 21,22,23=2,000Lak 22,23,24=2,000Lak', 1, '2021-03-22 08:31:54', '2021-03-22 08:31:54', '{\"customer_id\":1,\"bill_number\":\"385597984433201\",\"draw\":727272,\"type\":\"3\\/40\",\"updated_at\":\"2021-03-22T08:31:54.000000Z\",\"created_at\":\"2021-03-22T08:31:54.000000Z\",\"id\":355,\"transaction_id\":\"ncc355\",\"total\":6000,\"status_buy\":true,\"bill340s\":[{\"id\":187,\"animal1\":\"18\",\"animal2\":\"19\",\"animal3\":\"20\",\"digit\":\"18,19,20\",\"money\":2000,\"order_id\":355,\"type_win\":null,\"created_at\":\"2021-03-22T08:31:54.000000Z\",\"updated_at\":\"2021-03-22T08:31:54.000000Z\"},{\"id\":188,\"animal1\":\"21\",\"animal2\":\"22\",\"animal3\":\"23\",\"digit\":\"21,22,23\",\"money\":2000,\"order_id\":355,\"type_win\":null,\"created_at\":\"2021-03-22T08:31:54.000000Z\",\"updated_at\":\"2021-03-22T08:31:54.000000Z\"},{\"id\":189,\"animal1\":\"22\",\"animal2\":\"23\",\"animal3\":\"24\",\"digit\":\"22,23,24\",\"money\":2000,\"order_id\":355,\"type_win\":null,\"created_at\":\"2021-03-22T08:31:54.000000Z\",\"updated_at\":\"2021-03-22T08:31:54.000000Z\"}]}', 0),
(509, 'Buy lotto 3/40', '18,22,23=5,000Lak 20,23,24=5,000Lak 21,22=5,000Lak 23,27=5,000Lak', 1, '2021-03-22 08:32:15', '2021-03-22 08:32:15', '{\"customer_id\":1,\"bill_number\":\"385596254433221\",\"draw\":727272,\"type\":\"3\\/40\",\"updated_at\":\"2021-03-22T08:32:15.000000Z\",\"created_at\":\"2021-03-22T08:32:14.000000Z\",\"id\":356,\"transaction_id\":\"ncc356\",\"total\":20000,\"status_buy\":true,\"bill340s\":[{\"id\":190,\"animal1\":\"18\",\"animal2\":\"22\",\"animal3\":\"23\",\"digit\":\"18,22,23\",\"money\":5000,\"order_id\":356,\"type_win\":null,\"created_at\":\"2021-03-22T08:32:14.000000Z\",\"updated_at\":\"2021-03-22T08:32:14.000000Z\"},{\"id\":191,\"animal1\":\"20\",\"animal2\":\"23\",\"animal3\":\"24\",\"digit\":\"20,23,24\",\"money\":5000,\"order_id\":356,\"type_win\":null,\"created_at\":\"2021-03-22T08:32:14.000000Z\",\"updated_at\":\"2021-03-22T08:32:14.000000Z\"},{\"id\":192,\"animal1\":\"21\",\"animal2\":\"22\",\"animal3\":null,\"digit\":\"21,22\",\"money\":5000,\"order_id\":356,\"type_win\":null,\"created_at\":\"2021-03-22T08:32:14.000000Z\",\"updated_at\":\"2021-03-22T08:32:14.000000Z\"},{\"id\":193,\"animal1\":\"23\",\"animal2\":\"27\",\"animal3\":null,\"digit\":\"23,27\",\"money\":5000,\"order_id\":356,\"type_win\":null,\"created_at\":\"2021-03-22T08:32:15.000000Z\",\"updated_at\":\"2021-03-22T08:32:15.000000Z\"}]}', 0),
(510, 'Buy lotto 3/40', '21,22,23=6,000Lak 23,24=8,000Lak 23=1,000Lak', 1, '2021-03-22 08:32:41', '2021-03-22 08:32:41', '{\"customer_id\":1,\"bill_number\":\"385596574433247\",\"draw\":727272,\"type\":\"3\\/40\",\"updated_at\":\"2021-03-22T08:32:41.000000Z\",\"created_at\":\"2021-03-22T08:32:41.000000Z\",\"id\":357,\"transaction_id\":\"ncc357\",\"total\":15000,\"status_buy\":true,\"bill340s\":[{\"id\":194,\"animal1\":\"21\",\"animal2\":\"22\",\"animal3\":\"23\",\"digit\":\"21,22,23\",\"money\":6000,\"order_id\":357,\"type_win\":null,\"created_at\":\"2021-03-22T08:32:41.000000Z\",\"updated_at\":\"2021-03-22T08:32:41.000000Z\"},{\"id\":195,\"animal1\":\"23\",\"animal2\":\"24\",\"animal3\":null,\"digit\":\"23,24\",\"money\":8000,\"order_id\":357,\"type_win\":null,\"created_at\":\"2021-03-22T08:32:41.000000Z\",\"updated_at\":\"2021-03-22T08:32:41.000000Z\"},{\"id\":196,\"animal1\":\"23\",\"animal2\":null,\"animal3\":null,\"digit\":\"23\",\"money\":1000,\"order_id\":357,\"type_win\":null,\"created_at\":\"2021-03-22T08:32:41.000000Z\",\"updated_at\":\"2021-03-22T08:32:41.000000Z\"}]}', 0),
(511, 'Buy lotto 6D', '865347=1,000LAK 87645=1,000LAK', 1, '2021-03-22 08:46:04', '2021-03-22 08:46:04', '{\"customer_id\":1,\"bill_number\":\"385593584884610\",\"draw\":727272,\"type\":\"2d3d4d5d6d\",\"updated_at\":\"2021-03-22T08:46:04.000000Z\",\"created_at\":\"2021-03-22T08:46:03.000000Z\",\"id\":358,\"transaction_id\":\"ncc358\",\"total\":2000,\"status_buy\":true,\"billorder2d3d4d5d6ds\":[{\"id\":945,\"digit\":\"865347\",\"money\":1000,\"order_id\":358,\"type_win\":null,\"created_at\":\"2021-03-22T08:46:03.000000Z\",\"updated_at\":\"2021-03-22T08:46:03.000000Z\"},{\"id\":946,\"digit\":\"87645\",\"money\":1000,\"order_id\":358,\"type_win\":null,\"created_at\":\"2021-03-22T08:46:03.000000Z\",\"updated_at\":\"2021-03-22T08:46:03.000000Z\"}]}', 0),
(512, 'Buy lotto 6D', '8840=1,000LAK 345435=1,000LAK', 1, '2021-03-22 08:59:54', '2021-03-22 08:59:54', '{\"customer_id\":1,\"bill_number\":\"385592734880001\",\"draw\":727272,\"type\":\"2d3d4d5d6d\",\"updated_at\":\"2021-03-22T08:59:54.000000Z\",\"created_at\":\"2021-03-22T08:59:53.000000Z\",\"id\":359,\"transaction_id\":\"ncc359\",\"total\":2000,\"status_buy\":true,\"billorder2d3d4d5d6ds\":[{\"id\":947,\"digit\":\"8840\",\"money\":1000,\"order_id\":359,\"type_win\":null,\"created_at\":\"2021-03-22T08:59:53.000000Z\",\"updated_at\":\"2021-03-22T08:59:53.000000Z\"},{\"id\":948,\"digit\":\"345435\",\"money\":1000,\"order_id\":359,\"type_win\":null,\"created_at\":\"2021-03-22T08:59:53.000000Z\",\"updated_at\":\"2021-03-22T08:59:53.000000Z\"}]}', 0);
INSERT INTO `notifications` (`id`, `title`, `body`, `type_id`, `created_at`, `updated_at`, `massages`, `read_status`) VALUES
(513, 'Buy lotto 6D', '13488=2,000LAK 168615=1,000LAK', 1, '2021-03-22 09:00:40', '2021-03-22 09:00:40', '{\"customer_id\":2,\"bill_number\":\"385606204880046\",\"draw\":727272,\"type\":\"2d3d4d5d6d\",\"updated_at\":\"2021-03-22T09:00:40.000000Z\",\"created_at\":\"2021-03-22T09:00:38.000000Z\",\"id\":360,\"transaction_id\":\"ncc360\",\"total\":3000,\"status_buy\":true,\"billorder2d3d4d5d6ds\":[{\"id\":949,\"digit\":\"13488\",\"money\":2000,\"order_id\":360,\"type_win\":null,\"created_at\":\"2021-03-22T09:00:38.000000Z\",\"updated_at\":\"2021-03-22T09:00:38.000000Z\"},{\"id\":950,\"digit\":\"168615\",\"money\":2000,\"order_id\":360,\"type_win\":null,\"created_at\":\"2021-03-22T09:00:38.000000Z\",\"updated_at\":\"2021-03-22T09:00:38.000000Z\"}]}', 0),
(514, 'Buy lotto 3/40', '23,24=1,000Lak 02,03=1,000Lak', 1, '2021-03-22 09:10:54', '2021-03-22 09:10:54', '{\"customer_id\":1,\"bill_number\":\"385591264431100\",\"draw\":727272,\"type\":\"3\\/40\",\"updated_at\":\"2021-03-22T09:10:54.000000Z\",\"created_at\":\"2021-03-22T09:10:53.000000Z\",\"id\":361,\"transaction_id\":\"ncc361\",\"total\":2000,\"status_buy\":true,\"bill340s\":[{\"id\":197,\"animal1\":\"23\",\"animal2\":\"24\",\"animal3\":null,\"digit\":\"23,24\",\"money\":1000,\"order_id\":361,\"type_win\":null,\"created_at\":\"2021-03-22T09:10:53.000000Z\",\"updated_at\":\"2021-03-22T09:10:53.000000Z\"},{\"id\":198,\"animal1\":\"02\",\"animal2\":\"03\",\"animal3\":null,\"digit\":\"02,03\",\"money\":1000,\"order_id\":361,\"type_win\":null,\"created_at\":\"2021-03-22T09:10:53.000000Z\",\"updated_at\":\"2021-03-22T09:10:53.000000Z\"}]}', 0),
(515, 'Buy lotto 6D', '788787=1,000LAK 97775=1,000LAK', 1, '2021-03-22 09:22:57', '2021-03-22 09:22:57', '{\"customer_id\":1,\"bill_number\":\"385597244882304\",\"draw\":727272,\"type\":\"2d3d4d5d6d\",\"updated_at\":\"2021-03-22T09:22:57.000000Z\",\"created_at\":\"2021-03-22T09:22:56.000000Z\",\"id\":362,\"transaction_id\":\"ncc362\",\"total\":2000,\"status_buy\":true,\"billorder2d3d4d5d6ds\":[{\"id\":951,\"digit\":\"788787\",\"money\":1000,\"order_id\":362,\"type_win\":null,\"created_at\":\"2021-03-22T09:22:56.000000Z\",\"updated_at\":\"2021-03-22T09:22:56.000000Z\"},{\"id\":952,\"digit\":\"97775\",\"money\":1000,\"order_id\":362,\"type_win\":null,\"created_at\":\"2021-03-22T09:22:56.000000Z\",\"updated_at\":\"2021-03-22T09:22:56.000000Z\"}]}', 0),
(516, 'Buy lotto 6D', '690573=1,000LAK', 1, '2021-03-22 09:24:03', '2021-03-22 09:24:03', '{\"customer_id\":1,\"bill_number\":\"385593594882409\",\"draw\":727272,\"type\":\"2d3d4d5d6d\",\"updated_at\":\"2021-03-22T09:24:03.000000Z\",\"created_at\":\"2021-03-22T09:24:01.000000Z\",\"id\":363,\"transaction_id\":\"ncc363\",\"total\":1000,\"status_buy\":true,\"billorder2d3d4d5d6ds\":[{\"id\":953,\"digit\":\"690573\",\"money\":1000,\"order_id\":363,\"type_win\":null,\"created_at\":\"2021-03-22T09:24:01.000000Z\",\"updated_at\":\"2021-03-22T09:24:01.000000Z\"}]}', 0),
(517, 'Buy lotto 6D', '58926=1,000LAK', 1, '2021-03-22 09:24:38', '2021-03-22 09:24:38', '{\"customer_id\":1,\"bill_number\":\"385593634882444\",\"draw\":727272,\"type\":\"2d3d4d5d6d\",\"updated_at\":\"2021-03-22T09:24:38.000000Z\",\"created_at\":\"2021-03-22T09:24:36.000000Z\",\"id\":364,\"transaction_id\":\"ncc364\",\"total\":1000,\"status_buy\":true,\"billorder2d3d4d5d6ds\":[{\"id\":954,\"digit\":\"58926\",\"money\":1000,\"order_id\":364,\"type_win\":null,\"created_at\":\"2021-03-22T09:24:36.000000Z\",\"updated_at\":\"2021-03-22T09:24:36.000000Z\"}]}', 0),
(518, 'Buy lotto 6D', '411717=1,000LAK 11894=1,000LAK', 1, '2021-03-22 09:32:26', '2021-03-22 09:32:26', '{\"customer_id\":1,\"bill_number\":\"385598194883232\",\"draw\":727272,\"type\":\"2d3d4d5d6d\",\"updated_at\":\"2021-03-22T09:32:26.000000Z\",\"created_at\":\"2021-03-22T09:32:24.000000Z\",\"id\":365,\"transaction_id\":\"ncc365\",\"total\":2000,\"status_buy\":true,\"billorder2d3d4d5d6ds\":[{\"id\":955,\"digit\":\"411717\",\"money\":1000,\"order_id\":365,\"type_win\":null,\"created_at\":\"2021-03-22T09:32:24.000000Z\",\"updated_at\":\"2021-03-22T09:32:24.000000Z\"},{\"id\":956,\"digit\":\"11894\",\"money\":1000,\"order_id\":365,\"type_win\":null,\"created_at\":\"2021-03-22T09:32:24.000000Z\",\"updated_at\":\"2021-03-22T09:32:24.000000Z\"}]}', 0),
(519, 'Buy lotto 6D', '60940=1,000LAK', 1, '2021-03-22 09:32:47', '2021-03-22 09:32:47', '{\"customer_id\":1,\"bill_number\":\"385597714883254\",\"draw\":727272,\"type\":\"2d3d4d5d6d\",\"updated_at\":\"2021-03-22T09:32:47.000000Z\",\"created_at\":\"2021-03-22T09:32:46.000000Z\",\"id\":366,\"transaction_id\":\"ncc366\",\"total\":1000,\"status_buy\":true,\"billorder2d3d4d5d6ds\":[{\"id\":957,\"digit\":\"60940\",\"money\":1000,\"order_id\":366,\"type_win\":null,\"created_at\":\"2021-03-22T09:32:46.000000Z\",\"updated_at\":\"2021-03-22T09:32:46.000000Z\"}]}', 0),
(520, 'Buy lotto 6D', '470317=1,000LAK', 1, '2021-03-22 09:33:10', '2021-03-22 09:33:10', '{\"customer_id\":1,\"bill_number\":\"385598984883317\",\"draw\":727272,\"type\":\"2d3d4d5d6d\",\"updated_at\":\"2021-03-22T09:33:10.000000Z\",\"created_at\":\"2021-03-22T09:33:09.000000Z\",\"id\":367,\"transaction_id\":\"ncc367\",\"total\":1000,\"status_buy\":true,\"billorder2d3d4d5d6ds\":[{\"id\":958,\"digit\":\"470317\",\"money\":1000,\"order_id\":367,\"type_win\":null,\"created_at\":\"2021-03-22T09:33:09.000000Z\",\"updated_at\":\"2021-03-22T09:33:09.000000Z\"}]}', 0),
(521, 'Buy lotto 6D', '684682=1,000LAK', 1, '2021-03-22 09:56:36', '2021-03-22 09:56:36', '{\"customer_id\":1,\"bill_number\":\"385596264885642\",\"draw\":727272,\"type\":\"2d3d4d5d6d\",\"updated_at\":\"2021-03-22T09:56:36.000000Z\",\"created_at\":\"2021-03-22T09:56:34.000000Z\",\"id\":368,\"transaction_id\":\"ncc368\",\"total\":1000,\"status_buy\":true,\"billorder2d3d4d5d6ds\":[{\"id\":959,\"digit\":\"684682\",\"money\":1000,\"order_id\":368,\"type_win\":null,\"created_at\":\"2021-03-22T09:56:34.000000Z\",\"updated_at\":\"2021-03-22T09:56:34.000000Z\"}]}', 0),
(522, 'Buy lotto 6D', '86795=1,000LAK', 1, '2021-03-22 10:06:22', '2021-03-22 10:06:22', '{\"customer_id\":1,\"bill_number\":\"385591844880628\",\"draw\":727272,\"type\":\"2d3d4d5d6d\",\"updated_at\":\"2021-03-22T10:06:22.000000Z\",\"created_at\":\"2021-03-22T10:06:20.000000Z\",\"id\":369,\"transaction_id\":\"ncc369\",\"total\":1000,\"status_buy\":true,\"billorder2d3d4d5d6ds\":[{\"id\":960,\"digit\":\"86795\",\"money\":1000,\"order_id\":369,\"type_win\":null,\"created_at\":\"2021-03-22T10:06:20.000000Z\",\"updated_at\":\"2021-03-22T10:06:20.000000Z\"}]}', 0),
(523, 'Buy lotto 6D', '19303=1,000LAK', 1, '2021-03-22 10:08:33', '2021-03-22 10:08:33', '{\"customer_id\":1,\"bill_number\":\"385596334880840\",\"draw\":727272,\"type\":\"2d3d4d5d6d\",\"updated_at\":\"2021-03-22T10:08:33.000000Z\",\"created_at\":\"2021-03-22T10:08:32.000000Z\",\"id\":370,\"transaction_id\":\"ncc370\",\"total\":1000,\"status_buy\":true,\"billorder2d3d4d5d6ds\":[{\"id\":961,\"digit\":\"19303\",\"money\":1000,\"order_id\":370,\"type_win\":null,\"created_at\":\"2021-03-22T10:08:32.000000Z\",\"updated_at\":\"2021-03-22T10:08:32.000000Z\"}]}', 0),
(524, 'Buy lotto 6D', '255816=1,000LAK 79671=1,000LAK', 1, '2021-03-22 10:09:18', '2021-03-22 10:09:18', '{\"customer_id\":1,\"bill_number\":\"385598984880924\",\"draw\":727272,\"type\":\"2d3d4d5d6d\",\"updated_at\":\"2021-03-22T10:09:18.000000Z\",\"created_at\":\"2021-03-22T10:09:17.000000Z\",\"id\":371,\"transaction_id\":\"ncc371\",\"total\":2000,\"status_buy\":true,\"billorder2d3d4d5d6ds\":[{\"id\":962,\"digit\":\"255816\",\"money\":1000,\"order_id\":371,\"type_win\":null,\"created_at\":\"2021-03-22T10:09:17.000000Z\",\"updated_at\":\"2021-03-22T10:09:17.000000Z\"},{\"id\":963,\"digit\":\"79671\",\"money\":1000,\"order_id\":371,\"type_win\":null,\"created_at\":\"2021-03-22T10:09:17.000000Z\",\"updated_at\":\"2021-03-22T10:09:17.000000Z\"}]}', 0),
(525, 'Buy lotto 6D', '29957=1,000LAK 6129=1,000LAK', 1, '2021-03-22 10:11:38', '2021-03-22 10:11:38', '{\"customer_id\":1,\"bill_number\":\"385591584881144\",\"draw\":727272,\"type\":\"2d3d4d5d6d\",\"updated_at\":\"2021-03-22T10:11:38.000000Z\",\"created_at\":\"2021-03-22T10:11:37.000000Z\",\"id\":372,\"transaction_id\":\"ncc372\",\"total\":2000,\"status_buy\":true,\"billorder2d3d4d5d6ds\":[{\"id\":964,\"digit\":\"29957\",\"money\":1000,\"order_id\":372,\"type_win\":null,\"created_at\":\"2021-03-22T10:11:37.000000Z\",\"updated_at\":\"2021-03-22T10:11:37.000000Z\"},{\"id\":965,\"digit\":\"6129\",\"money\":1000,\"order_id\":372,\"type_win\":null,\"created_at\":\"2021-03-22T10:11:37.000000Z\",\"updated_at\":\"2021-03-22T10:11:37.000000Z\"}]}', 0),
(526, 'Buy lotto 6D', '32622=1,000LAK 890368=1,000LAK', 1, '2021-03-22 10:21:11', '2021-03-22 10:21:11', '{\"customer_id\":1,\"bill_number\":\"385592944882117\",\"draw\":727272,\"type\":\"2d3d4d5d6d\",\"updated_at\":\"2021-03-22T10:21:11.000000Z\",\"created_at\":\"2021-03-22T10:21:09.000000Z\",\"id\":373,\"transaction_id\":\"ncc373\",\"total\":2000,\"status_buy\":true,\"billorder2d3d4d5d6ds\":[{\"id\":966,\"digit\":\"32622\",\"money\":1000,\"order_id\":373,\"type_win\":null,\"created_at\":\"2021-03-22T10:21:09.000000Z\",\"updated_at\":\"2021-03-22T10:21:09.000000Z\"},{\"id\":967,\"digit\":\"890368\",\"money\":1000,\"order_id\":373,\"type_win\":null,\"created_at\":\"2021-03-22T10:21:09.000000Z\",\"updated_at\":\"2021-03-22T10:21:09.000000Z\"}]}', 0),
(527, 'Buy lotto 6D', '43432=1,000LAK 265993=1,000LAK', 1, '2021-03-22 10:21:32', '2021-03-22 10:21:32', '{\"customer_id\":1,\"bill_number\":\"385596654882138\",\"draw\":727272,\"type\":\"2d3d4d5d6d\",\"updated_at\":\"2021-03-22T10:21:32.000000Z\",\"created_at\":\"2021-03-22T10:21:30.000000Z\",\"id\":374,\"transaction_id\":\"ncc374\",\"total\":2000,\"status_buy\":true,\"billorder2d3d4d5d6ds\":[{\"id\":968,\"digit\":\"43432\",\"money\":1000,\"order_id\":374,\"type_win\":null,\"created_at\":\"2021-03-22T10:21:30.000000Z\",\"updated_at\":\"2021-03-22T10:21:30.000000Z\"},{\"id\":969,\"digit\":\"265993\",\"money\":1000,\"order_id\":374,\"type_win\":null,\"created_at\":\"2021-03-22T10:21:30.000000Z\",\"updated_at\":\"2021-03-22T10:21:30.000000Z\"}]}', 0),
(528, 'Buy lotto 3/40', '18,19,22=1,000Lak 17,18,19=1,000Lak', 1, '2021-03-22 10:23:14', '2021-03-22 10:23:14', '{\"customer_id\":1,\"bill_number\":\"385598904432321\",\"draw\":727272,\"type\":\"3\\/40\",\"updated_at\":\"2021-03-22T10:23:14.000000Z\",\"created_at\":\"2021-03-22T10:23:14.000000Z\",\"id\":375,\"transaction_id\":\"ncc375\",\"total\":2000,\"status_buy\":true,\"bill340s\":[{\"id\":199,\"animal1\":\"18\",\"animal2\":\"19\",\"animal3\":\"22\",\"digit\":\"18,19,22\",\"money\":1000,\"order_id\":375,\"type_win\":null,\"created_at\":\"2021-03-22T10:23:14.000000Z\",\"updated_at\":\"2021-03-22T10:23:14.000000Z\"},{\"id\":200,\"animal1\":\"17\",\"animal2\":\"18\",\"animal3\":\"19\",\"digit\":\"17,18,19\",\"money\":1000,\"order_id\":375,\"type_win\":null,\"created_at\":\"2021-03-22T10:23:14.000000Z\",\"updated_at\":\"2021-03-22T10:23:14.000000Z\"}]}', 0),
(529, 'Buy lotto 6D', '3790=2,000LAK 1122=6,000LAK 26374=2,000LAK', 1, '2021-03-23 02:36:23', '2021-03-23 02:36:23', '{\"customer_id\":6,\"bill_number\":\"385608524893632\",\"draw\":737373,\"type\":\"2d3d4d5d6d\",\"updated_at\":\"2021-03-23T02:36:23.000000Z\",\"created_at\":\"2021-03-23T02:36:21.000000Z\",\"id\":376,\"transaction_id\":\"ncc376\",\"total\":10000,\"status_buy\":true,\"billorder2d3d4d5d6ds\":[{\"id\":970,\"digit\":\"3790\",\"money\":2000,\"order_id\":376,\"type_win\":null,\"created_at\":\"2021-03-23T02:36:21.000000Z\",\"updated_at\":\"2021-03-23T02:36:21.000000Z\"},{\"id\":971,\"digit\":\"1122\",\"money\":6000,\"order_id\":376,\"type_win\":null,\"created_at\":\"2021-03-23T02:36:21.000000Z\",\"updated_at\":\"2021-03-23T02:36:21.000000Z\"},{\"id\":972,\"digit\":\"26374\",\"money\":2000,\"order_id\":376,\"type_win\":null,\"created_at\":\"2021-03-23T02:36:21.000000Z\",\"updated_at\":\"2021-03-23T02:36:21.000000Z\"}]}', 0),
(530, 'Buy lotto 6D', '74=7,000LAK 791=5,000LAK 1008=50,000LAK 78789=2,000LAK 323232=1,000LAK', 1, '2021-03-23 02:48:57', '2021-03-23 02:48:57', '{\"customer_id\":5,\"bill_number\":\"385952144894905\",\"draw\":737373,\"type\":\"2d3d4d5d6d\",\"updated_at\":\"2021-03-23T02:48:57.000000Z\",\"created_at\":\"2021-03-23T02:48:55.000000Z\",\"id\":377,\"transaction_id\":\"ncc377\",\"total\":65000,\"status_buy\":true,\"billorder2d3d4d5d6ds\":[{\"id\":973,\"digit\":\"74\",\"money\":7000,\"order_id\":377,\"type_win\":null,\"created_at\":\"2021-03-23T02:48:55.000000Z\",\"updated_at\":\"2021-03-23T02:48:55.000000Z\"},{\"id\":974,\"digit\":\"791\",\"money\":5000,\"order_id\":377,\"type_win\":null,\"created_at\":\"2021-03-23T02:48:55.000000Z\",\"updated_at\":\"2021-03-23T02:48:55.000000Z\"},{\"id\":975,\"digit\":\"1008\",\"money\":100000,\"order_id\":377,\"type_win\":null,\"created_at\":\"2021-03-23T02:48:55.000000Z\",\"updated_at\":\"2021-03-23T02:48:55.000000Z\"},{\"id\":976,\"digit\":\"78789\",\"money\":100000,\"order_id\":377,\"type_win\":null,\"created_at\":\"2021-03-23T02:48:55.000000Z\",\"updated_at\":\"2021-03-23T02:48:55.000000Z\"},{\"id\":977,\"digit\":\"323232\",\"money\":100000,\"order_id\":377,\"type_win\":null,\"created_at\":\"2021-03-23T02:48:55.000000Z\",\"updated_at\":\"2021-03-23T02:48:55.000000Z\"}]}', 0),
(531, 'Buy lotto 6D', '74=100,000LAK 6691=5,000LAK 2008=50,000LAK 787892=1,000LAK 923232=1,000LAK', 1, '2021-03-23 02:50:10', '2021-03-23 02:50:10', '{\"customer_id\":5,\"bill_number\":\"385954204895019\",\"draw\":737373,\"type\":\"2d3d4d5d6d\",\"updated_at\":\"2021-03-23T02:50:10.000000Z\",\"created_at\":\"2021-03-23T02:50:09.000000Z\",\"id\":378,\"transaction_id\":\"ncc378\",\"total\":157000,\"status_buy\":true,\"billorder2d3d4d5d6ds\":[{\"id\":978,\"digit\":\"74\",\"money\":100000,\"order_id\":378,\"type_win\":null,\"created_at\":\"2021-03-23T02:50:09.000000Z\",\"updated_at\":\"2021-03-23T02:50:09.000000Z\"},{\"id\":979,\"digit\":\"6691\",\"money\":5000,\"order_id\":378,\"type_win\":null,\"created_at\":\"2021-03-23T02:50:09.000000Z\",\"updated_at\":\"2021-03-23T02:50:09.000000Z\"},{\"id\":980,\"digit\":\"2008\",\"money\":100000,\"order_id\":378,\"type_win\":null,\"created_at\":\"2021-03-23T02:50:09.000000Z\",\"updated_at\":\"2021-03-23T02:50:09.000000Z\"},{\"id\":981,\"digit\":\"787892\",\"money\":100000,\"order_id\":378,\"type_win\":null,\"created_at\":\"2021-03-23T02:50:09.000000Z\",\"updated_at\":\"2021-03-23T02:50:09.000000Z\"},{\"id\":982,\"digit\":\"923232\",\"money\":100000,\"order_id\":378,\"type_win\":null,\"created_at\":\"2021-03-23T02:50:09.000000Z\",\"updated_at\":\"2021-03-23T02:50:09.000000Z\"}]}', 0),
(532, 'Buy lotto 6D', '74=100,000LAK 6691=5,000LAK 2008=0LAK 787892=0LAK 923232=0LAK', 1, '2021-03-23 02:50:30', '2021-03-23 02:50:30', '{\"customer_id\":5,\"bill_number\":\"385958994895038\",\"draw\":737373,\"type\":\"2d3d4d5d6d\",\"updated_at\":\"2021-03-23T02:50:30.000000Z\",\"created_at\":\"2021-03-23T02:50:28.000000Z\",\"id\":379,\"transaction_id\":\"ncc379\",\"total\":105000,\"status_buy\":true,\"billorder2d3d4d5d6ds\":[{\"id\":983,\"digit\":\"74\",\"money\":100000,\"order_id\":379,\"type_win\":null,\"created_at\":\"2021-03-23T02:50:28.000000Z\",\"updated_at\":\"2021-03-23T02:50:28.000000Z\"},{\"id\":984,\"digit\":\"6691\",\"money\":5000,\"order_id\":379,\"type_win\":null,\"created_at\":\"2021-03-23T02:50:28.000000Z\",\"updated_at\":\"2021-03-23T02:50:28.000000Z\"},{\"id\":985,\"digit\":\"2008\",\"money\":100000,\"order_id\":379,\"type_win\":null,\"created_at\":\"2021-03-23T02:50:28.000000Z\",\"updated_at\":\"2021-03-23T02:50:28.000000Z\"},{\"id\":986,\"digit\":\"787892\",\"money\":100000,\"order_id\":379,\"type_win\":null,\"created_at\":\"2021-03-23T02:50:28.000000Z\",\"updated_at\":\"2021-03-23T02:50:28.000000Z\"},{\"id\":987,\"digit\":\"923232\",\"money\":100000,\"order_id\":379,\"type_win\":null,\"created_at\":\"2021-03-23T02:50:28.000000Z\",\"updated_at\":\"2021-03-23T02:50:28.000000Z\"}]}', 0),
(533, 'Buy lotto 3/40', '10,11,12=5,000Lak 17,18,19=5,000Lak 06,10,14=5,000Lak 10,14,15=5,000Lak', 1, '2021-03-23 03:08:27', '2021-03-23 03:08:27', '{\"customer_id\":1,\"bill_number\":\"385596814440836\",\"draw\":737373,\"type\":\"3\\/40\",\"updated_at\":\"2021-03-23T03:08:27.000000Z\",\"created_at\":\"2021-03-23T03:08:27.000000Z\",\"id\":381,\"transaction_id\":\"ncc381\",\"total\":20000,\"status_buy\":true,\"bill340s\":[{\"id\":201,\"animal1\":\"10\",\"animal2\":\"11\",\"animal3\":\"12\",\"digit\":\"10,11,12\",\"money\":5000,\"order_id\":381,\"type_win\":null,\"created_at\":\"2021-03-23T03:08:27.000000Z\",\"updated_at\":\"2021-03-23T03:08:27.000000Z\"},{\"id\":202,\"animal1\":\"17\",\"animal2\":\"18\",\"animal3\":\"19\",\"digit\":\"17,18,19\",\"money\":5000,\"order_id\":381,\"type_win\":null,\"created_at\":\"2021-03-23T03:08:27.000000Z\",\"updated_at\":\"2021-03-23T03:08:27.000000Z\"},{\"id\":203,\"animal1\":\"06\",\"animal2\":\"10\",\"animal3\":\"14\",\"digit\":\"06,10,14\",\"money\":5000,\"order_id\":381,\"type_win\":null,\"created_at\":\"2021-03-23T03:08:27.000000Z\",\"updated_at\":\"2021-03-23T03:08:27.000000Z\"},{\"id\":204,\"animal1\":\"10\",\"animal2\":\"14\",\"animal3\":\"15\",\"digit\":\"10,14,15\",\"money\":5000,\"order_id\":381,\"type_win\":null,\"created_at\":\"2021-03-23T03:08:27.000000Z\",\"updated_at\":\"2021-03-23T03:08:27.000000Z\"}]}', 0),
(534, 'Buy lotto 6D', '722=10,000LAK 455575=1,000LAK 31769=2,000LAK 2222=5,000LAK 333333=1,000LAK 15555=2,000LAK 241183=1,000LAK 49656=1,000LAK 675994=1,000LAK 80826=1,000LAK 77483=1,000LAK 123123=1,000LAK', 1, '2021-03-23 03:28:28', '2021-03-23 03:28:28', '{\"customer_id\":1,\"bill_number\":\"385598884892837\",\"draw\":737373,\"type\":\"2d3d4d5d6d\",\"updated_at\":\"2021-03-23T03:28:28.000000Z\",\"created_at\":\"2021-03-23T03:28:27.000000Z\",\"id\":382,\"transaction_id\":\"ncc382\",\"total\":27000,\"status_buy\":true,\"billorder2d3d4d5d6ds\":[{\"id\":989,\"digit\":\"722\",\"money\":10000,\"order_id\":382,\"type_win\":null,\"created_at\":\"2021-03-23T03:28:27.000000Z\",\"updated_at\":\"2021-03-23T03:28:27.000000Z\"},{\"id\":990,\"digit\":\"455575\",\"money\":5000,\"order_id\":382,\"type_win\":null,\"created_at\":\"2021-03-23T03:28:27.000000Z\",\"updated_at\":\"2021-03-23T03:28:27.000000Z\"},{\"id\":991,\"digit\":\"31769\",\"money\":10000,\"order_id\":382,\"type_win\":null,\"created_at\":\"2021-03-23T03:28:27.000000Z\",\"updated_at\":\"2021-03-23T03:28:27.000000Z\"},{\"id\":992,\"digit\":\"2222\",\"money\":5000,\"order_id\":382,\"type_win\":null,\"created_at\":\"2021-03-23T03:28:27.000000Z\",\"updated_at\":\"2021-03-23T03:28:27.000000Z\"},{\"id\":993,\"digit\":\"333333\",\"money\":5000,\"order_id\":382,\"type_win\":null,\"created_at\":\"2021-03-23T03:28:27.000000Z\",\"updated_at\":\"2021-03-23T03:28:27.000000Z\"},{\"id\":994,\"digit\":\"15555\",\"money\":5000,\"order_id\":382,\"type_win\":null,\"created_at\":\"2021-03-23T03:28:27.000000Z\",\"updated_at\":\"2021-03-23T03:28:27.000000Z\"},{\"id\":995,\"digit\":\"241183\",\"money\":1000,\"order_id\":382,\"type_win\":null,\"created_at\":\"2021-03-23T03:28:27.000000Z\",\"updated_at\":\"2021-03-23T03:28:27.000000Z\"},{\"id\":996,\"digit\":\"49656\",\"money\":1000,\"order_id\":382,\"type_win\":null,\"created_at\":\"2021-03-23T03:28:27.000000Z\",\"updated_at\":\"2021-03-23T03:28:27.000000Z\"},{\"id\":997,\"digit\":\"675994\",\"money\":1000,\"order_id\":382,\"type_win\":null,\"created_at\":\"2021-03-23T03:28:27.000000Z\",\"updated_at\":\"2021-03-23T03:28:27.000000Z\"},{\"id\":998,\"digit\":\"80826\",\"money\":1000,\"order_id\":382,\"type_win\":null,\"created_at\":\"2021-03-23T03:28:27.000000Z\",\"updated_at\":\"2021-03-23T03:28:27.000000Z\"},{\"id\":999,\"digit\":\"77483\",\"money\":1000,\"order_id\":382,\"type_win\":null,\"created_at\":\"2021-03-23T03:28:27.000000Z\",\"updated_at\":\"2021-03-23T03:28:27.000000Z\"},{\"id\":1000,\"digit\":\"123123\",\"money\":1000,\"order_id\":382,\"type_win\":null,\"created_at\":\"2021-03-23T03:28:27.000000Z\",\"updated_at\":\"2021-03-23T03:28:27.000000Z\"}]}', 0),
(535, 'Buy lotto 3/40', '06,07,08=2,000Lak 06,11,15=2,000Lak 10,14=2,000Lak 15=2,000Lak', 1, '2021-03-23 03:30:45', '2021-03-23 03:30:45', '{\"customer_id\":1,\"bill_number\":\"385594844443054\",\"draw\":737373,\"type\":\"3\\/40\",\"updated_at\":\"2021-03-23T03:30:45.000000Z\",\"created_at\":\"2021-03-23T03:30:45.000000Z\",\"id\":383,\"transaction_id\":\"ncc383\",\"total\":8000,\"status_buy\":true,\"bill340s\":[{\"id\":205,\"animal1\":\"06\",\"animal2\":\"07\",\"animal3\":\"08\",\"digit\":\"06,07,08\",\"money\":2000,\"order_id\":383,\"type_win\":null,\"created_at\":\"2021-03-23T03:30:45.000000Z\",\"updated_at\":\"2021-03-23T03:30:45.000000Z\"},{\"id\":206,\"animal1\":\"06\",\"animal2\":\"11\",\"animal3\":\"15\",\"digit\":\"06,11,15\",\"money\":2000,\"order_id\":383,\"type_win\":null,\"created_at\":\"2021-03-23T03:30:45.000000Z\",\"updated_at\":\"2021-03-23T03:30:45.000000Z\"},{\"id\":207,\"animal1\":\"10\",\"animal2\":\"14\",\"animal3\":null,\"digit\":\"10,14\",\"money\":2000,\"order_id\":383,\"type_win\":null,\"created_at\":\"2021-03-23T03:30:45.000000Z\",\"updated_at\":\"2021-03-23T03:30:45.000000Z\"},{\"id\":208,\"animal1\":\"15\",\"animal2\":null,\"animal3\":null,\"digit\":\"15\",\"money\":2000,\"order_id\":383,\"type_win\":null,\"created_at\":\"2021-03-23T03:30:45.000000Z\",\"updated_at\":\"2021-03-23T03:30:45.000000Z\"}]}', 0),
(536, 'promotiontt111', 'promotion buy 1 get 10', 4, '2021-03-23 03:31:34', '2021-03-23 03:31:34', '{\"id\":2,\"title\":\"promotiontt111\",\"content\":\"promotion buy 1 get 10\",\"image\":\"\\/storage\\/promotion_image\\/XzE2MTI4NTEyMDk=.jpg\",\"start\":\"2021-03-22 13:13:00\",\"end\":\"2021-04-10 13:14:00\",\"created_at\":\"2021-02-09T06:13:29.000000Z\",\"updated_at\":\"2021-03-22T07:20:08.000000Z\"}', 0),
(537, 'Result draw 737373', '6d=887722 && 3/40=06-07-08', 3, '2021-03-23 03:32:18', '2021-03-23 03:32:18', '{\"draw\":737373,\"l2d3d4d5d6d\":\"887722\",\"d6\":\"8\",\"d5\":\"8\",\"d4\":\"7\",\"d3\":\"7\",\"d2\":\"2\",\"d1\":\"2\",\"animal1\":\"06\",\"animal2\":\"07\",\"animal3\":\"08\",\"animal6d_id\":22,\"animal1_id\":6,\"animal2_id\":7,\"animal3_id\":8,\"updated_at\":\"2021-03-23T03:32:18.000000Z\",\"created_at\":\"2021-03-23T03:32:18.000000Z\",\"id\":33}', 0),
(538, 'Congratulations You win', 'Type: 2d3d4d5d6d || Total: 5,000,000', 2, '2021-03-23 03:32:19', '2021-03-23 03:32:19', '{\"id\":382,\"customer_id\":1,\"bill_number\":385598884892837,\"draw\":737373,\"type\":\"2d3d4d5d6d\",\"status_win\":1,\"total\":27000,\"total_win\":5000000,\"transaction_id\":\"ncc382\",\"status_buy\":1,\"msg\":null,\"created_at\":\"2021-03-23T03:28:27.000000Z\",\"updated_at\":\"2021-03-23T03:32:19.000000Z\"}', 0),
(539, 'Congratulations You win', 'Type: 3/40 || Total: 12,000,000', 2, '2021-03-23 03:32:20', '2021-03-23 03:32:20', '{\"id\":383,\"customer_id\":1,\"bill_number\":385594844443054,\"draw\":737373,\"type\":\"3\\/40\",\"status_win\":1,\"total\":8000,\"total_win\":12000000,\"transaction_id\":\"ncc383\",\"status_buy\":1,\"msg\":null,\"created_at\":\"2021-03-23T03:30:45.000000Z\",\"updated_at\":\"2021-03-23T03:32:19.000000Z\"}', 0),
(540, 'Buy lotto 6D', '8157=50,000LAK 97096=2,000LAK 251721=1,000LAK 18387=2,000LAK 9973=50,000LAK 62513=2,000LAK', 1, '2021-03-23 03:45:59', '2021-03-23 03:45:59', '{\"customer_id\":1,\"bill_number\":\"385592604894608\",\"draw\":737373,\"type\":\"2d3d4d5d6d\",\"updated_at\":\"2021-03-23T03:45:59.000000Z\",\"created_at\":\"2021-03-23T03:45:57.000000Z\",\"id\":384,\"transaction_id\":\"ncc384\",\"total\":107000,\"status_buy\":true,\"billorder2d3d4d5d6ds\":[{\"id\":1001,\"digit\":\"8157\",\"money\":50000,\"order_id\":384,\"type_win\":null,\"created_at\":\"2021-03-23T03:45:57.000000Z\",\"updated_at\":\"2021-03-23T03:45:57.000000Z\"},{\"id\":1002,\"digit\":\"97096\",\"money\":50000,\"order_id\":384,\"type_win\":null,\"created_at\":\"2021-03-23T03:45:57.000000Z\",\"updated_at\":\"2021-03-23T03:45:57.000000Z\"},{\"id\":1003,\"digit\":\"251721\",\"money\":50000,\"order_id\":384,\"type_win\":null,\"created_at\":\"2021-03-23T03:45:57.000000Z\",\"updated_at\":\"2021-03-23T03:45:57.000000Z\"},{\"id\":1004,\"digit\":\"18387\",\"money\":50000,\"order_id\":384,\"type_win\":null,\"created_at\":\"2021-03-23T03:45:57.000000Z\",\"updated_at\":\"2021-03-23T03:45:57.000000Z\"},{\"id\":1005,\"digit\":\"9973\",\"money\":50000,\"order_id\":384,\"type_win\":null,\"created_at\":\"2021-03-23T03:45:57.000000Z\",\"updated_at\":\"2021-03-23T03:45:57.000000Z\"},{\"id\":1006,\"digit\":\"62513\",\"money\":50000,\"order_id\":384,\"type_win\":null,\"created_at\":\"2021-03-23T03:45:57.000000Z\",\"updated_at\":\"2021-03-23T03:45:57.000000Z\"}]}', 0),
(541, 'Buy lotto 6D', '251721=0LAK 369117=1,000LAK', 1, '2021-03-23 03:47:53', '2021-03-23 03:47:53', '{\"customer_id\":1,\"bill_number\":\"385595184894802\",\"draw\":737373,\"type\":\"2d3d4d5d6d\",\"updated_at\":\"2021-03-23T03:47:53.000000Z\",\"created_at\":\"2021-03-23T03:47:51.000000Z\",\"id\":386,\"transaction_id\":\"ncc386\",\"total\":1000,\"status_buy\":true,\"billorder2d3d4d5d6ds\":[{\"id\":1008,\"digit\":\"251721\",\"money\":1000,\"order_id\":386,\"type_win\":null,\"created_at\":\"2021-03-23T03:47:51.000000Z\",\"updated_at\":\"2021-03-23T03:47:51.000000Z\"},{\"id\":1009,\"digit\":\"369117\",\"money\":1000,\"order_id\":386,\"type_win\":null,\"created_at\":\"2021-03-23T03:47:51.000000Z\",\"updated_at\":\"2021-03-23T03:47:51.000000Z\"}]}', 0),
(542, 'Buy lotto 6D', '159485=1,000LAK 41333=1,000LAK', 1, '2021-03-23 03:51:54', '2021-03-23 03:51:54', '{\"customer_id\":1,\"bill_number\":\"385593224895202\",\"draw\":737373,\"type\":\"2d3d4d5d6d\",\"updated_at\":\"2021-03-23T03:51:54.000000Z\",\"created_at\":\"2021-03-23T03:51:52.000000Z\",\"id\":387,\"transaction_id\":\"ncc387\",\"total\":2000,\"status_buy\":true,\"billorder2d3d4d5d6ds\":[{\"id\":1010,\"digit\":\"159485\",\"money\":1000,\"order_id\":387,\"type_win\":null,\"created_at\":\"2021-03-23T03:51:52.000000Z\",\"updated_at\":\"2021-03-23T03:51:52.000000Z\"},{\"id\":1011,\"digit\":\"41333\",\"money\":1000,\"order_id\":387,\"type_win\":null,\"created_at\":\"2021-03-23T03:51:52.000000Z\",\"updated_at\":\"2021-03-23T03:51:52.000000Z\"}]}', 0),
(543, 'Buy lotto 6D', '691434=1,000LAK 551907=1,000LAK 947207=1,000LAK 944759=1,000LAK 467237=1,000LAK 824337=1,000LAK 565859=1,000LAK 100020=1,000LAK 686922=1,000LAK 994058=1,000LAK 426679=1,000LAK 137681=1,000LAK', 1, '2021-03-23 04:43:00', '2021-03-23 04:43:00', '{\"customer_id\":1,\"bill_number\":\"385595504894309\",\"draw\":737373,\"type\":\"2d3d4d5d6d\",\"updated_at\":\"2021-03-23T04:43:00.000000Z\",\"created_at\":\"2021-03-23T04:42:58.000000Z\",\"id\":388,\"transaction_id\":\"ncc388\",\"total\":12000,\"status_buy\":true,\"billorder2d3d4d5d6ds\":[{\"id\":1012,\"digit\":\"691434\",\"money\":5000,\"order_id\":388,\"type_win\":null,\"created_at\":\"2021-03-23T04:42:58.000000Z\",\"updated_at\":\"2021-03-23T04:42:58.000000Z\"},{\"id\":1013,\"digit\":\"551907\",\"money\":5000,\"order_id\":388,\"type_win\":null,\"created_at\":\"2021-03-23T04:42:58.000000Z\",\"updated_at\":\"2021-03-23T04:42:58.000000Z\"},{\"id\":1014,\"digit\":\"947207\",\"money\":5000,\"order_id\":388,\"type_win\":null,\"created_at\":\"2021-03-23T04:42:58.000000Z\",\"updated_at\":\"2021-03-23T04:42:58.000000Z\"},{\"id\":1015,\"digit\":\"944759\",\"money\":5000,\"order_id\":388,\"type_win\":null,\"created_at\":\"2021-03-23T04:42:58.000000Z\",\"updated_at\":\"2021-03-23T04:42:58.000000Z\"},{\"id\":1016,\"digit\":\"467237\",\"money\":5000,\"order_id\":388,\"type_win\":null,\"created_at\":\"2021-03-23T04:42:58.000000Z\",\"updated_at\":\"2021-03-23T04:42:58.000000Z\"},{\"id\":1017,\"digit\":\"824337\",\"money\":5000,\"order_id\":388,\"type_win\":null,\"created_at\":\"2021-03-23T04:42:58.000000Z\",\"updated_at\":\"2021-03-23T04:42:58.000000Z\"},{\"id\":1018,\"digit\":\"565859\",\"money\":5000,\"order_id\":388,\"type_win\":null,\"created_at\":\"2021-03-23T04:42:58.000000Z\",\"updated_at\":\"2021-03-23T04:42:58.000000Z\"},{\"id\":1019,\"digit\":\"100020\",\"money\":5000,\"order_id\":388,\"type_win\":null,\"created_at\":\"2021-03-23T04:42:58.000000Z\",\"updated_at\":\"2021-03-23T04:42:58.000000Z\"},{\"id\":1020,\"digit\":\"686922\",\"money\":5000,\"order_id\":388,\"type_win\":null,\"created_at\":\"2021-03-23T04:42:58.000000Z\",\"updated_at\":\"2021-03-23T04:42:58.000000Z\"},{\"id\":1021,\"digit\":\"994058\",\"money\":5000,\"order_id\":388,\"type_win\":null,\"created_at\":\"2021-03-23T04:42:58.000000Z\",\"updated_at\":\"2021-03-23T04:42:58.000000Z\"},{\"id\":1022,\"digit\":\"426679\",\"money\":5000,\"order_id\":388,\"type_win\":null,\"created_at\":\"2021-03-23T04:42:58.000000Z\",\"updated_at\":\"2021-03-23T04:42:58.000000Z\"},{\"id\":1023,\"digit\":\"137681\",\"money\":5000,\"order_id\":388,\"type_win\":null,\"created_at\":\"2021-03-23T04:42:58.000000Z\",\"updated_at\":\"2021-03-23T04:42:58.000000Z\"}]}', 0),
(544, 'Buy lotto 3/40', '14,15,19=1,000Lak', 1, '2021-03-23 04:53:10', '2021-03-23 04:53:10', '{\"customer_id\":1,\"bill_number\":\"385597834445319\",\"draw\":737373,\"type\":\"3\\/40\",\"updated_at\":\"2021-03-23T04:53:10.000000Z\",\"created_at\":\"2021-03-23T04:53:10.000000Z\",\"id\":389,\"transaction_id\":\"ncc389\",\"total\":1000,\"status_buy\":true,\"bill340s\":[{\"id\":209,\"animal1\":\"14\",\"animal2\":\"15\",\"animal3\":\"19\",\"digit\":\"14,15,19\",\"money\":1000,\"order_id\":389,\"type_win\":null,\"created_at\":\"2021-03-23T04:53:10.000000Z\",\"updated_at\":\"2021-03-23T04:53:10.000000Z\"}]}', 0),
(545, 'Buy lotto 3/40', '15,16,19=1,000Lak 27=1,000Lak', 1, '2021-03-23 04:54:06', '2021-03-23 04:54:06', '{\"customer_id\":1,\"bill_number\":\"385591414445415\",\"draw\":737373,\"type\":\"3\\/40\",\"updated_at\":\"2021-03-23T04:54:06.000000Z\",\"created_at\":\"2021-03-23T04:54:06.000000Z\",\"id\":390,\"transaction_id\":\"ncc390\",\"total\":2000,\"status_buy\":true,\"bill340s\":[{\"id\":210,\"animal1\":\"15\",\"animal2\":\"16\",\"animal3\":\"19\",\"digit\":\"15,16,19\",\"money\":1000,\"order_id\":390,\"type_win\":null,\"created_at\":\"2021-03-23T04:54:06.000000Z\",\"updated_at\":\"2021-03-23T04:54:06.000000Z\"},{\"id\":211,\"animal1\":\"27\",\"animal2\":null,\"animal3\":null,\"digit\":\"27\",\"money\":1000,\"order_id\":390,\"type_win\":null,\"created_at\":\"2021-03-23T04:54:06.000000Z\",\"updated_at\":\"2021-03-23T04:54:06.000000Z\"}]}', 0),
(546, 'Buy lotto 6D', '923232=0LAK 9232=50,000LAK', 1, '2021-03-24 06:32:51', '2021-03-24 06:32:51', '{\"customer_id\":5,\"bill_number\":\"385956464893301\",\"draw\":737373,\"type\":\"2d3d4d5d6d\",\"updated_at\":\"2021-03-24T06:32:51.000000Z\",\"created_at\":\"2021-03-24T06:32:49.000000Z\",\"id\":393,\"transaction_id\":\"ncc393\",\"total\":50000,\"status_buy\":true,\"billorder2d3d4d5d6ds\":[{\"id\":1026,\"digit\":\"923232\",\"money\":100000,\"order_id\":393,\"type_win\":null,\"status_buy\":0,\"created_at\":\"2021-03-24T06:32:49.000000Z\",\"updated_at\":\"2021-03-24T06:32:49.000000Z\"},{\"id\":1027,\"digit\":\"9232\",\"money\":100000,\"order_id\":393,\"type_win\":null,\"status_buy\":0,\"created_at\":\"2021-03-24T06:32:49.000000Z\",\"updated_at\":\"2021-03-24T06:32:49.000000Z\"}]}', 0),
(547, 'Buy lotto 6D', '923232=0LAK 1232=50,000LAK', 1, '2021-03-24 06:35:12', '2021-03-24 06:35:12', '{\"customer_id\":5,\"bill_number\":\"385952954893523\",\"draw\":737373,\"type\":\"2d3d4d5d6d\",\"updated_at\":\"2021-03-24T06:35:12.000000Z\",\"created_at\":\"2021-03-24T06:35:11.000000Z\",\"id\":394,\"transaction_id\":\"ncc394\",\"total\":50000,\"status_buy\":true,\"billorder2d3d4d5d6ds\":[{\"id\":1028,\"digit\":\"923232\",\"money\":100000,\"order_id\":394,\"type_win\":null,\"status_buy\":0,\"created_at\":\"2021-03-24T06:35:11.000000Z\",\"updated_at\":\"2021-03-24T06:35:11.000000Z\"},{\"id\":1029,\"digit\":\"1232\",\"money\":100000,\"order_id\":394,\"type_win\":null,\"status_buy\":0,\"created_at\":\"2021-03-24T06:35:11.000000Z\",\"updated_at\":\"2021-03-24T06:35:11.000000Z\"}]}', 0),
(548, 'Buy lotto 6D', '92323=2,000LAK 1232=0LAK', 1, '2021-03-24 06:42:18', '2021-03-24 06:42:18', '{\"customer_id\":5,\"bill_number\":\"385958104894228\",\"draw\":737373,\"type\":\"2d3d4d5d6d\",\"updated_at\":\"2021-03-24T06:42:18.000000Z\",\"created_at\":\"2021-03-24T06:42:16.000000Z\",\"id\":395,\"transaction_id\":\"ncc395\",\"total\":2000,\"status_buy\":true,\"billorder2d3d4d5d6ds\":[{\"id\":1030,\"digit\":\"92323\",\"money\":100000,\"order_id\":395,\"type_win\":null,\"status_buy\":0,\"created_at\":\"2021-03-24T06:42:16.000000Z\",\"updated_at\":\"2021-03-24T06:42:16.000000Z\"},{\"id\":1031,\"digit\":\"1232\",\"money\":100000,\"order_id\":395,\"type_win\":null,\"status_buy\":0,\"created_at\":\"2021-03-24T06:42:16.000000Z\",\"updated_at\":\"2021-03-24T06:42:16.000000Z\"}]}', 0),
(549, 'Buy lotto 6D', '92323=0LAK 12320=2,000LAK', 1, '2021-03-24 06:42:30', '2021-03-24 06:42:30', '{\"customer_id\":5,\"bill_number\":\"385956304894240\",\"draw\":737373,\"type\":\"2d3d4d5d6d\",\"updated_at\":\"2021-03-24T06:42:30.000000Z\",\"created_at\":\"2021-03-24T06:42:28.000000Z\",\"id\":396,\"transaction_id\":\"ncc396\",\"total\":2000,\"status_buy\":true,\"billorder2d3d4d5d6ds\":[{\"id\":1032,\"digit\":\"92323\",\"money\":100000,\"order_id\":396,\"type_win\":null,\"status_buy\":0,\"created_at\":\"2021-03-24T06:42:28.000000Z\",\"updated_at\":\"2021-03-24T06:42:28.000000Z\"},{\"id\":1033,\"digit\":\"12320\",\"money\":100000,\"order_id\":396,\"type_win\":null,\"status_buy\":0,\"created_at\":\"2021-03-24T06:42:28.000000Z\",\"updated_at\":\"2021-03-24T06:42:28.000000Z\"}]}', 0),
(550, 'Buy lotto 6D', '923=100,000LAK 1320=50,000LAK', 1, '2021-03-24 06:42:47', '2021-03-24 06:42:47', '{\"customer_id\":5,\"bill_number\":\"385952904894257\",\"draw\":737373,\"type\":\"2d3d4d5d6d\",\"updated_at\":\"2021-03-24T06:42:47.000000Z\",\"created_at\":\"2021-03-24T06:42:45.000000Z\",\"id\":397,\"transaction_id\":\"ncc397\",\"total\":150000,\"status_buy\":true,\"billorder2d3d4d5d6ds\":[{\"id\":1034,\"digit\":\"923\",\"money\":100000,\"order_id\":397,\"type_win\":null,\"status_buy\":0,\"created_at\":\"2021-03-24T06:42:45.000000Z\",\"updated_at\":\"2021-03-24T06:42:45.000000Z\"},{\"id\":1035,\"digit\":\"1320\",\"money\":100000,\"order_id\":397,\"type_win\":null,\"status_buy\":0,\"created_at\":\"2021-03-24T06:42:45.000000Z\",\"updated_at\":\"2021-03-24T06:42:45.000000Z\"}]}', 0),
(551, 'Buy lotto 6D', '923=100,000LAK 320=100,000LAK', 1, '2021-03-24 06:45:07', '2021-03-24 06:45:07', '{\"customer_id\":5,\"bill_number\":\"385953724894518\",\"draw\":737373,\"type\":\"2d3d4d5d6d\",\"updated_at\":\"2021-03-24T06:45:07.000000Z\",\"created_at\":\"2021-03-24T06:45:06.000000Z\",\"id\":398,\"transaction_id\":\"ncc398\",\"total\":200000,\"status_buy\":true,\"billorder2d3d4d5d6ds\":[{\"id\":1036,\"digit\":\"923\",\"money\":100000,\"order_id\":398,\"type_win\":null,\"status_buy\":0,\"created_at\":\"2021-03-24T06:45:06.000000Z\",\"updated_at\":\"2021-03-24T06:45:06.000000Z\"},{\"id\":1037,\"digit\":\"320\",\"money\":100000,\"order_id\":398,\"type_win\":null,\"status_buy\":0,\"created_at\":\"2021-03-24T06:45:06.000000Z\",\"updated_at\":\"2021-03-24T06:45:06.000000Z\"}]}', 0),
(552, 'Buy lotto 3/40', '30,12=2,000Lak 30,11=9,000Lak', 1, '2021-03-24 06:45:35', '2021-03-24 06:45:35', '{\"customer_id\":5,\"bill_number\":\"385959024444545\",\"draw\":737373,\"type\":\"3\\/40\",\"updated_at\":\"2021-03-24T06:45:35.000000Z\",\"created_at\":\"2021-03-24T06:45:35.000000Z\",\"id\":399,\"transaction_id\":\"ncc399\",\"total\":11000,\"status_buy\":true,\"bill340s\":[{\"id\":212,\"animal1\":\"30\",\"animal2\":\"12\",\"animal3\":null,\"digit\":\"30,12\",\"money\":2000,\"order_id\":399,\"type_win\":null,\"status_buy\":0,\"created_at\":\"2021-03-24T06:45:35.000000Z\",\"updated_at\":\"2021-03-24T06:45:35.000000Z\"},{\"id\":213,\"animal1\":\"30\",\"animal2\":\"11\",\"animal3\":null,\"digit\":\"30,11\",\"money\":9000,\"order_id\":399,\"type_win\":null,\"status_buy\":0,\"created_at\":\"2021-03-24T06:45:35.000000Z\",\"updated_at\":\"2021-03-24T06:45:35.000000Z\"}]}', 0),
(553, 'Buy lotto 6D', '923=100,000LAK 320=100,000LAK', 1, '2021-03-25 06:22:15', '2021-03-25 06:22:15', '{\"customer_id\":5,\"bill_number\":\"385957624892228\",\"draw\":737373,\"type\":\"2d3d4d5d6d\",\"updated_at\":\"2021-03-25T06:22:15.000000Z\",\"created_at\":\"2021-03-25T06:22:13.000000Z\",\"id\":400,\"transaction_id\":\"ncc400\",\"total\":200000,\"status_buy\":true,\"billorder2d3d4d5d6ds\":[{\"id\":1038,\"digit\":\"923\",\"money\":100000,\"order_id\":400,\"type_win\":null,\"status_buy\":0,\"created_at\":\"2021-03-25T06:22:13.000000Z\",\"updated_at\":\"2021-03-25T06:22:13.000000Z\"},{\"id\":1039,\"digit\":\"320\",\"money\":100000,\"order_id\":400,\"type_win\":null,\"status_buy\":0,\"created_at\":\"2021-03-25T06:22:13.000000Z\",\"updated_at\":\"2021-03-25T06:22:13.000000Z\"}]}', 0);

-- --------------------------------------------------------

--
-- Table structure for table `o_t_p_s`
--

CREATE TABLE `o_t_p_s` (
  `id` bigint(20) UNSIGNED NOT NULL,
  `otp_number` int(11) NOT NULL,
  `status` tinyint(1) NOT NULL DEFAULT 0,
  `customer_id` bigint(20) UNSIGNED NOT NULL,
  `created_at` timestamp NULL DEFAULT NULL,
  `updated_at` timestamp NULL DEFAULT NULL,
  `limit_request` int(11) NOT NULL DEFAULT 0,
  `limit_input` int(11) NOT NULL DEFAULT 0
) ENGINE=InnoDB DEFAULT CHARSET=utf8mb4 COLLATE=utf8mb4_unicode_ci;

--
-- Dumping data for table `o_t_p_s`
--

INSERT INTO `o_t_p_s` (`id`, `otp_number`, `status`, `customer_id`, `created_at`, `updated_at`, `limit_request`, `limit_input`) VALUES
(1, 3583, 1, 1, '2021-02-05 04:33:43', '2021-03-26 04:37:30', 1, 5),
(5, 8835, 1, 5, '2021-02-17 03:52:06', '2021-03-24 02:57:10', 1, 4),
(7, 9036, 1, 7, '2021-03-23 03:37:32', '2021-03-23 03:37:46', 0, 0),
(12, 7688, 0, 8, '2021-03-24 03:03:48', '2021-03-24 03:04:14', 0, 0),
(47, 2054, 0, 59, '2021-03-29 03:02:31', '2021-03-29 03:02:36', 1, 0),
(48, 7089, 1, 60, '2021-03-29 03:03:59', '2021-03-29 03:04:15', 1, 0);

-- --------------------------------------------------------

--
-- Table structure for table `password_resets`
--

CREATE TABLE `password_resets` (
  `email` varchar(255) COLLATE utf8mb4_unicode_ci NOT NULL,
  `token` varchar(255) COLLATE utf8mb4_unicode_ci NOT NULL,
  `created_at` timestamp NULL DEFAULT NULL
) ENGINE=InnoDB DEFAULT CHARSET=utf8mb4 COLLATE=utf8mb4_unicode_ci;

-- --------------------------------------------------------

--
-- Table structure for table `permissions`
--

CREATE TABLE `permissions` (
  `id` bigint(20) UNSIGNED NOT NULL,
  `name` varchar(191) COLLATE utf8mb4_unicode_ci NOT NULL,
  `guard_name` varchar(191) COLLATE utf8mb4_unicode_ci NOT NULL,
  `created_at` timestamp NULL DEFAULT NULL,
  `updated_at` timestamp NULL DEFAULT NULL
) ENGINE=InnoDB DEFAULT CHARSET=utf8mb4 COLLATE=utf8mb4_unicode_ci;

--
-- Dumping data for table `permissions`
--

INSERT INTO `permissions` (`id`, `name`, `guard_name`, `created_at`, `updated_at`) VALUES
(1, 'users management', 'web', '2021-03-19 09:56:54', '2021-03-19 09:56:54'),
(2, 'customer register', 'web', '2021-03-19 10:08:27', '2021-03-19 10:08:27'),
(3, 'customer list', 'web', '2021-03-19 10:08:28', '2021-03-19 10:08:28'),
(4, 'customer delete', 'web', '2021-03-19 10:08:28', '2021-03-19 10:08:28'),
(5, 'bills', 'web', '2021-03-19 10:08:29', '2021-03-19 10:08:29'),
(6, 'winner', 'web', '2021-03-19 10:08:29', '2021-03-19 10:08:29'),
(7, 'promotion new', 'web', '2021-03-19 10:08:30', '2021-03-19 10:08:30'),
(8, 'promotion list', 'web', '2021-03-19 10:08:30', '2021-03-19 10:08:30'),
(9, 'result list', 'web', '2021-03-19 10:08:31', '2021-03-19 10:08:31'),
(10, 'result put', 'web', '2021-03-19 10:08:31', '2021-03-19 10:08:31'),
(11, 'result action', 'web', '2021-03-19 10:08:32', '2021-03-19 10:08:32'),
(12, 'recommend list', 'web', '2021-03-19 10:08:32', '2021-03-19 10:08:32'),
(13, 'recommend new', 'web', '2021-03-19 10:08:33', '2021-03-19 10:08:33'),
(14, 'recommend edit', 'web', '2021-03-19 10:08:33', '2021-03-19 10:08:33'),
(15, 'recommend delete', 'web', '2021-03-19 10:08:34', '2021-03-19 10:08:34'),
(16, 'animal list', 'web', '2021-03-19 10:08:34', '2021-03-19 10:08:34'),
(17, 'animal new', 'web', '2021-03-19 10:08:35', '2021-03-19 10:08:35'),
(18, 'animal edit', 'web', '2021-03-19 10:08:35', '2021-03-19 10:08:35'),
(19, 'animal delete', 'web', '2021-03-19 10:08:35', '2021-03-19 10:08:35'),
(20, 'dream teller list', 'web', '2021-03-19 10:08:36', '2021-03-19 10:08:36'),
(21, 'dream teller new', 'web', '2021-03-19 10:08:36', '2021-03-19 10:08:36'),
(22, 'dream teller edit', 'web', '2021-03-19 10:08:37', '2021-03-19 10:08:37'),
(23, 'dream teller delete', 'web', '2021-03-19 10:08:37', '2021-03-19 10:08:37'),
(24, 'notification type list', 'web', '2021-03-19 10:08:38', '2021-03-19 10:08:38'),
(25, 'notification type new', 'web', '2021-03-19 10:08:38', '2021-03-19 10:08:38'),
(26, 'notification type edit', 'web', '2021-03-19 10:08:39', '2021-03-19 10:08:39'),
(27, 'notification type delete', 'web', '2021-03-19 10:08:39', '2021-03-19 10:08:39'),
(28, 'notification transaction', 'web', '2021-03-19 10:08:40', '2021-03-19 10:08:40'),
(29, 'provider management', 'web', '2021-03-19 10:08:43', '2021-03-19 10:08:43'),
(30, 'promotion edit', 'web', '2021-03-22 07:14:43', '2021-03-22 07:14:43'),
(31, 'promotion delete', 'web', '2021-03-22 07:14:43', '2021-03-22 07:14:43'),
(32, 'promotion notification', 'web', '2021-03-22 07:18:13', '2021-03-22 07:18:13');

-- --------------------------------------------------------

--
-- Table structure for table `personal_access_tokens`
--

CREATE TABLE `personal_access_tokens` (
  `id` bigint(20) UNSIGNED NOT NULL,
  `tokenable_type` varchar(255) COLLATE utf8mb4_unicode_ci NOT NULL,
  `tokenable_id` bigint(20) UNSIGNED NOT NULL,
  `name` varchar(255) COLLATE utf8mb4_unicode_ci NOT NULL,
  `token` varchar(64) COLLATE utf8mb4_unicode_ci NOT NULL,
  `abilities` text COLLATE utf8mb4_unicode_ci DEFAULT NULL,
  `last_used_at` timestamp NULL DEFAULT NULL,
  `created_at` timestamp NULL DEFAULT NULL,
  `updated_at` timestamp NULL DEFAULT NULL
) ENGINE=InnoDB DEFAULT CHARSET=utf8mb4 COLLATE=utf8mb4_unicode_ci;

--
-- Dumping data for table `personal_access_tokens`
--

INSERT INTO `personal_access_tokens` (`id`, `tokenable_type`, `tokenable_id`, `name`, `token`, `abilities`, `last_used_at`, `created_at`, `updated_at`) VALUES
(121, 'App\\Models\\Provider', 1, 'test_device_name', 'e5ae855b36373586c3d967b8032edd5d2e093aaabcd5daa12bdb294382ce26e6', '[\"*\"]', '2021-02-16 06:54:17', '2021-02-16 06:52:03', '2021-02-16 06:54:17'),
(122, 'App\\Models\\Customer', 5, 'test', '62a4b93a68630d4f149fb3cfe05e42f6fe37133cc95ed408bb2231a22b23460a', '[\"*\"]', '2021-03-25 06:22:13', '2021-03-10 03:32:10', '2021-03-25 06:22:13'),
(166, 'App\\Models\\Customer', 2, 'c-xEzJ2ySUiqsZmq6QIDxB:APA91bEDUXmrsFaElnVpkZ-D6tbM3eIX8NnqoxBl7W_z2u9FOjx80CvgD9LLX-8pqnYYjN-V6EeNMO3amr4GUU7xuu6fvAnQSrzd7Ygx9-yFNvvznbgfaTD_oYDgb4miJ5b2bhG0boyW', '3f29a8db72bf25195f83ca24c3a431a2d617fe4a0d4f5f9c9a68f611f5439d88', '[\"*\"]', '2021-03-22 09:24:38', '2021-03-22 06:54:54', '2021-03-22 09:24:38'),
(262, 'App\\Models\\Customer', 56, 'device_token', 'f91a58b64dfa6c937fb6e76b18c7c5fd7defa82355649e673fd0a1cc0bf54cfb', '[\"*\"]', NULL, '2021-03-26 10:01:44', '2021-03-26 10:01:44'),
(264, 'App\\Models\\Customer', 58, 'deviceToken', 'f2a41a4eb4c0535cb68023996f6a5e99aad70462440d3b37f1dc03897542dca9', '[\"*\"]', NULL, '2021-03-26 10:08:00', '2021-03-26 10:08:00'),
(265, 'App\\Models\\Customer', 1, 'f-zScryDTrG0zxQ7AlZgto:APA91bFGJR5us7yc3rsYWudAfX0_N8LkBMIfE8DRHchpVrKGBHeY6I7T8x68Wr2h42riHSLenIfHwp9h4KsuYgmhLp7JG7WIizIIiGMH4v94ZUPu-byC94AxsUoKs4RqJ4q7Afb5RGlm', '520ccba6ea44c26578c141fb262bfe9da8afdc7117c3bd06b98a9ae6c731b1d8', '[\"*\"]', '2021-03-29 03:10:50', '2021-03-29 03:00:24', '2021-03-29 03:10:50'),
(272, 'App\\Models\\Customer', 60, 'f-zScryDTrG0zxQ7AlZgto:APA91bFGJR5us7yc3rsYWudAfX0_N8LkBMIfE8DRHchpVrKGBHeY6I7T8x68Wr2h42riHSLenIfHwp9h4KsuYgmhLp7JG7WIizIIiGMH4v94ZUPu-byC94AxsUoKs4RqJ4q7Afb5RGlm', '0fc4daab1adb68ee0a3002d41b384830d1947611c9ca5e392e79155c9f92faac', '[\"*\"]', NULL, '2021-03-29 04:00:36', '2021-03-29 04:00:36');

-- --------------------------------------------------------

--
-- Table structure for table `promotions`
--

CREATE TABLE `promotions` (
  `id` bigint(20) UNSIGNED NOT NULL,
  `title` varchar(255) COLLATE utf8mb4_unicode_ci NOT NULL,
  `content` varchar(255) COLLATE utf8mb4_unicode_ci NOT NULL,
  `image` varchar(255) COLLATE utf8mb4_unicode_ci NOT NULL,
  `start` datetime NOT NULL,
  `end` datetime NOT NULL,
  `created_at` timestamp NULL DEFAULT NULL,
  `updated_at` timestamp NULL DEFAULT NULL
) ENGINE=InnoDB DEFAULT CHARSET=utf8mb4 COLLATE=utf8mb4_unicode_ci;

--
-- Dumping data for table `promotions`
--

INSERT INTO `promotions` (`id`, `title`, `content`, `image`, `start`, `end`, `created_at`, `updated_at`) VALUES
(1, '3/40 promotion', 'news 3/40', '/storage/promotion_image/XzE2MTI1MTg2MTU=.jpg', '2021-02-05 16:50:00', '2021-02-06 16:51:00', '2021-02-05 09:50:15', '2021-02-12 04:15:34'),
(2, 'promotiontt111', 'promotion buy 1 get 10', '/storage/promotion_image/XzE2MTI4NTEyMDk=.jpg', '2021-03-22 13:13:00', '2021-04-10 13:14:00', '2021-02-09 06:13:29', '2021-03-22 07:20:08');

-- --------------------------------------------------------

--
-- Table structure for table `providers`
--

CREATE TABLE `providers` (
  `id` bigint(20) UNSIGNED NOT NULL,
  `provider_name` varchar(255) COLLATE utf8mb4_unicode_ci NOT NULL,
  `password` varchar(255) COLLATE utf8mb4_unicode_ci NOT NULL,
  `created_at` timestamp NULL DEFAULT NULL,
  `updated_at` timestamp NULL DEFAULT NULL
) ENGINE=InnoDB DEFAULT CHARSET=utf8mb4 COLLATE=utf8mb4_unicode_ci;

--
-- Dumping data for table `providers`
--

INSERT INTO `providers` (`id`, `provider_name`, `password`, `created_at`, `updated_at`) VALUES
(1, 'jay', '$2y$10$kjOsKNNaVOE/wtuDJifOu.u3p.2b4nL5tK051Tg.FxolYnZ96qeIO', '2021-02-05 04:59:18', '2021-02-05 04:59:18');

-- --------------------------------------------------------

--
-- Table structure for table `recomment_images`
--

CREATE TABLE `recomment_images` (
  `id` bigint(20) UNSIGNED NOT NULL,
  `image` varchar(255) COLLATE utf8mb4_unicode_ci NOT NULL,
  `recommend_id` bigint(20) UNSIGNED NOT NULL,
  `created_at` timestamp NULL DEFAULT NULL,
  `updated_at` timestamp NULL DEFAULT NULL
) ENGINE=InnoDB DEFAULT CHARSET=utf8mb4 COLLATE=utf8mb4_unicode_ci;

--
-- Dumping data for table `recomment_images`
--

INSERT INTO `recomment_images` (`id`, `image`, `recommend_id`, `created_at`, `updated_at`) VALUES
(3, '/storage/recommend_image/XzE2MTI4NTY0MDQ=.1.jpg', 2, '2021-02-09 07:40:04', '2021-02-09 07:40:04'),
(4, '/storage/recommend_image/XzE2MTI4NTY0MDQ=.2.jpg', 2, '2021-02-09 07:40:04', '2021-02-09 07:40:04'),
(5, '/storage/recommend_image/XzE2MTI4NTY0MDQ=.3.jpg', 2, '2021-02-09 07:40:04', '2021-02-09 07:40:04'),
(6, '/storage/recommend_image/XzE2MTI4NTY0MDQ=.4.jpg', 2, '2021-02-09 07:40:04', '2021-02-09 07:40:04'),
(7, '/storage/recommend_image/XzE2MTI4NTY0MDQ=.5.jpg', 2, '2021-02-09 07:40:04', '2021-02-09 07:40:04'),
(8, '/storage/recommend_image/XzE2MTI4NTY0MDQ=.6.jpg', 2, '2021-02-09 07:40:04', '2021-02-09 07:40:04'),
(9, '/storage/recommend_image/XzE2MTI4NTY0MDQ=.7.jpg', 2, '2021-02-09 07:40:04', '2021-02-09 07:40:04'),
(52, '/storage/recommend_image/XzE2MTMzNzEwMDY=.1.jpg', 4, '2021-02-15 06:36:46', '2021-02-15 06:36:46'),
(53, '/storage/recommend_image/XzE2MTMzNzEwMDY=.2.jpg', 4, '2021-02-15 06:36:46', '2021-02-15 06:36:46'),
(54, '/storage/recommend_image/XzE2MTMzNzEwMDY=.3.jpg', 4, '2021-02-15 06:36:46', '2021-02-15 06:36:46'),
(55, '/storage/recommend_image/XzE2MTMzNzEwMDY=.4.jpg', 4, '2021-02-15 06:36:46', '2021-02-15 06:36:46'),
(56, '/storage/recommend_image/XzE2MTMzNzEwMDY=.5.jpg', 4, '2021-02-15 06:36:46', '2021-02-15 06:36:46'),
(57, '/storage/recommend_image/XzE2MTMzNzEwMDY=.6.jpg', 4, '2021-02-15 06:36:46', '2021-02-15 06:36:46'),
(58, '/storage/recommend_image/XzE2MTMzNzEwMDY=.7.jpg', 4, '2021-02-15 06:36:46', '2021-02-15 06:36:46');

-- --------------------------------------------------------

--
-- Table structure for table `recomment_lottos`
--

CREATE TABLE `recomment_lottos` (
  `id` bigint(20) UNSIGNED NOT NULL,
  `title` varchar(255) COLLATE utf8mb4_unicode_ci NOT NULL,
  `content` varchar(255) COLLATE utf8mb4_unicode_ci NOT NULL,
  `draw` int(11) NOT NULL,
  `created_at` timestamp NULL DEFAULT NULL,
  `updated_at` timestamp NULL DEFAULT NULL
) ENGINE=InnoDB DEFAULT CHARSET=utf8mb4 COLLATE=utf8mb4_unicode_ci;

--
-- Dumping data for table `recomment_lottos`
--

INSERT INTO `recomment_lottos` (`id`, `title`, `content`, `draw`, `created_at`, `updated_at`) VALUES
(2, 'Test2', 'Test', 6, '2021-02-09 07:40:04', '2021-02-11 07:52:39'),
(4, 'Test4', 'test4', 7, '2021-02-09 08:25:42', '2021-03-22 07:31:47');

-- --------------------------------------------------------

--
-- Table structure for table `results`
--

CREATE TABLE `results` (
  `id` bigint(20) UNSIGNED NOT NULL,
  `draw` int(11) NOT NULL,
  `animal1` varchar(255) COLLATE utf8mb4_unicode_ci NOT NULL,
  `animal2` varchar(255) COLLATE utf8mb4_unicode_ci NOT NULL,
  `animal3` varchar(255) COLLATE utf8mb4_unicode_ci NOT NULL,
  `l2d3d4d5d6d` varchar(255) COLLATE utf8mb4_unicode_ci NOT NULL,
  `animal3_id` bigint(20) UNSIGNED DEFAULT NULL,
  `animal2_id` bigint(20) UNSIGNED DEFAULT NULL,
  `animal1_id` bigint(20) UNSIGNED DEFAULT NULL,
  `animal6d_id` bigint(20) UNSIGNED DEFAULT NULL,
  `created_at` timestamp NULL DEFAULT NULL,
  `updated_at` timestamp NULL DEFAULT NULL,
  `d1` char(255) COLLATE utf8mb4_unicode_ci NOT NULL,
  `d2` char(255) COLLATE utf8mb4_unicode_ci NOT NULL,
  `d3` char(255) COLLATE utf8mb4_unicode_ci NOT NULL,
  `d4` char(255) COLLATE utf8mb4_unicode_ci NOT NULL,
  `d5` char(255) COLLATE utf8mb4_unicode_ci NOT NULL,
  `d6` char(255) COLLATE utf8mb4_unicode_ci NOT NULL
) ENGINE=InnoDB DEFAULT CHARSET=utf8mb4 COLLATE=utf8mb4_unicode_ci;

--
-- Dumping data for table `results`
--

INSERT INTO `results` (`id`, `draw`, `animal1`, `animal2`, `animal3`, `l2d3d4d5d6d`, `animal3_id`, `animal2_id`, `animal1_id`, `animal6d_id`, `created_at`, `updated_at`, `d1`, `d2`, `d3`, `d4`, `d5`, `d6`) VALUES
(25, 707070, '35', '21', '11', '111174', 11, 21, 35, 34, '2021-03-12 02:42:02', '2021-03-12 02:42:02', '4', '7', '1', '1', '1', '1'),
(26, 717171, '12', '27', '40', '111111', 40, 27, 12, 11, '2021-03-16 03:14:15', '2021-03-16 03:14:15', '1', '1', '1', '1', '1', '1'),
(32, 727272, '01', '02', '03', '000097', 3, 2, 1, 17, '2021-03-18 09:53:09', '2021-03-18 09:53:09', '7', '9', '0', '0', '0', '0'),
(33, 737373, '06', '07', '08', '887722', 8, 7, 6, 22, '2021-03-23 03:32:18', '2021-03-23 03:32:18', '2', '2', '7', '7', '8', '8');

-- --------------------------------------------------------

--
-- Table structure for table `roles`
--

CREATE TABLE `roles` (
  `id` bigint(20) UNSIGNED NOT NULL,
  `name` varchar(191) COLLATE utf8mb4_unicode_ci NOT NULL,
  `guard_name` varchar(191) COLLATE utf8mb4_unicode_ci NOT NULL,
  `created_at` timestamp NULL DEFAULT NULL,
  `updated_at` timestamp NULL DEFAULT NULL
) ENGINE=InnoDB DEFAULT CHARSET=utf8mb4 COLLATE=utf8mb4_unicode_ci;

--
-- Dumping data for table `roles`
--

INSERT INTO `roles` (`id`, `name`, `guard_name`, `created_at`, `updated_at`) VALUES
(1, 'Super admin', 'web', '2021-03-22 03:02:21', '2021-03-22 03:42:44'),
(2, 'Marketing', 'web', '2021-03-22 03:16:40', '2021-03-22 03:44:18'),
(3, 'Admin', 'web', '2021-03-22 03:37:32', '2021-03-22 03:42:18');

-- --------------------------------------------------------

--
-- Table structure for table `role_has_permissions`
--

CREATE TABLE `role_has_permissions` (
  `permission_id` bigint(20) UNSIGNED NOT NULL,
  `role_id` bigint(20) UNSIGNED NOT NULL
) ENGINE=InnoDB DEFAULT CHARSET=utf8mb4 COLLATE=utf8mb4_unicode_ci;

--
-- Dumping data for table `role_has_permissions`
--

INSERT INTO `role_has_permissions` (`permission_id`, `role_id`) VALUES
(1, 1),
(2, 1),
(2, 3),
(3, 1),
(3, 2),
(3, 3),
(4, 1),
(5, 1),
(5, 2),
(5, 3),
(6, 1),
(6, 2),
(6, 3),
(7, 1),
(7, 2),
(7, 3),
(8, 1),
(8, 2),
(8, 3),
(9, 1),
(9, 2),
(9, 3),
(10, 1),
(10, 2),
(10, 3),
(11, 1),
(11, 2),
(11, 3),
(12, 1),
(12, 2),
(12, 3),
(13, 1),
(13, 2),
(13, 3),
(14, 1),
(14, 2),
(14, 3),
(15, 1),
(15, 2),
(15, 3),
(16, 1),
(16, 2),
(16, 3),
(17, 1),
(17, 2),
(17, 3),
(18, 1),
(18, 2),
(18, 3),
(19, 1),
(19, 2),
(19, 3),
(20, 1),
(20, 2),
(20, 3),
(21, 1),
(21, 2),
(21, 3),
(22, 1),
(22, 2),
(22, 3),
(23, 1),
(23, 2),
(23, 3),
(24, 1),
(24, 2),
(24, 3),
(25, 1),
(25, 2),
(25, 3),
(26, 1),
(26, 2),
(26, 3),
(27, 1),
(27, 3),
(28, 1),
(28, 2),
(28, 3),
(29, 1),
(29, 2),
(29, 3),
(30, 1),
(30, 2),
(31, 1),
(32, 1),
(32, 2);

-- --------------------------------------------------------

--
-- Table structure for table `save_order6ds`
--

CREATE TABLE `save_order6ds` (
  `id` bigint(20) UNSIGNED NOT NULL,
  `digit` longtext COLLATE utf8mb4_unicode_ci NOT NULL,
  `money` double NOT NULL,
  `user_id` bigint(20) UNSIGNED NOT NULL,
  `created_at` timestamp NULL DEFAULT NULL,
  `updated_at` timestamp NULL DEFAULT NULL
) ENGINE=InnoDB DEFAULT CHARSET=utf8mb4 COLLATE=utf8mb4_unicode_ci;

--
-- Dumping data for table `save_order6ds`
--

INSERT INTO `save_order6ds` (`id`, `digit`, `money`, `user_id`, `created_at`, `updated_at`) VALUES
(38, '\"11,22\"', 2000, 5, '2021-03-18 04:11:13', '2021-03-18 04:11:13'),
(39, '\"11,22\"', 2000, 5, '2021-03-18 04:11:55', '2021-03-18 04:11:55'),
(46, '\"11,22\"', 2000, 5, '2021-03-18 04:29:32', '2021-03-18 04:29:32');

-- --------------------------------------------------------

--
-- Table structure for table `type__notifications`
--

CREATE TABLE `type__notifications` (
  `id` bigint(20) UNSIGNED NOT NULL,
  `name` varchar(255) COLLATE utf8mb4_unicode_ci NOT NULL,
  `icon` varchar(255) COLLATE utf8mb4_unicode_ci NOT NULL,
  `created_at` timestamp NULL DEFAULT NULL,
  `updated_at` timestamp NULL DEFAULT NULL
) ENGINE=InnoDB DEFAULT CHARSET=utf8mb4 COLLATE=utf8mb4_unicode_ci;

--
-- Dumping data for table `type__notifications`
--

INSERT INTO `type__notifications` (`id`, `name`, `icon`, `created_at`, `updated_at`) VALUES
(1, 'Buy lotto', '/storage/notification_icon/XzE2MTI3NTY1MTY=.png', '2021-02-08 03:55:16', '2021-02-08 04:25:38'),
(2, 'Win lotto', '/storage/notification_icon/XzE2MTI3NTcwMDI=.png', '2021-02-08 04:03:22', '2021-02-08 04:03:22'),
(3, 'Result lottory', '/storage/notification_icon/XzE2MTI3NTcwNzU=.png', '2021-02-08 04:04:35', '2021-02-08 04:04:35'),
(4, 'Promotion', '/storage/notification_icon/XzE2MTI3NTcxNTI=.png', '2021-02-08 04:05:52', '2021-02-08 04:05:52'),
(5, 'News', '/storage/notification_icon/XzE2MTI3NTcyMDg=.png', '2021-02-08 04:06:48', '2021-02-08 04:06:48');

-- --------------------------------------------------------

--
-- Table structure for table `users`
--

CREATE TABLE `users` (
  `id` bigint(20) UNSIGNED NOT NULL,
  `name` varchar(255) COLLATE utf8mb4_unicode_ci NOT NULL,
  `email` varchar(255) COLLATE utf8mb4_unicode_ci NOT NULL,
  `email_verified_at` timestamp NULL DEFAULT NULL,
  `password` varchar(255) COLLATE utf8mb4_unicode_ci NOT NULL,
  `remember_token` varchar(100) COLLATE utf8mb4_unicode_ci DEFAULT NULL,
  `created_at` timestamp NULL DEFAULT NULL,
  `updated_at` timestamp NULL DEFAULT NULL
) ENGINE=InnoDB DEFAULT CHARSET=utf8mb4 COLLATE=utf8mb4_unicode_ci;

--
-- Dumping data for table `users`
--

INSERT INTO `users` (`id`, `name`, `email`, `email_verified_at`, `password`, `remember_token`, `created_at`, `updated_at`) VALUES
(1, 'inging', 'ingingkalinghongsa@gmail.com', NULL, '$2y$10$JEME5XT6rmj9iQVUMKuJ0.jV/n6cclqxXud7gN1uh9LdIj1psp3pW', NULL, '2021-02-05 04:43:44', '2021-02-05 04:43:44'),
(2, 'jay', 'jay@ncc.com', NULL, '$2y$10$PmNwXKj7BUsX4tpGtcs7cujrMKg5HOwPDKNCnQOfxgHmiuslU351K', NULL, '2021-02-05 10:08:06', '2021-03-22 04:37:39'),
(3, 'userapp', 'userapp@gmail.com', NULL, '$2y$10$H1tQ4P1pyk6FY6MnhnNao.IXFrYdiD3gkHjFuJho1dm30m/YB8xoS', NULL, '2021-03-10 02:57:25', '2021-03-10 02:57:25'),
(4, 'admin', 'admin@admin.com', NULL, '$2y$10$DAeYOfXlUQ3Mu.EfB5zrZ.I0SeNeMwxaZzuAaqVH.JxvI3.TSiKnS', 'pwIE5pF6nroFEIyTSeWXnKuXSQSU2rCmVyM22CF0ekSTebkCN5KO9awQHVoe', '2021-03-17 01:08:17', '2021-03-17 01:08:17'),
(6, 'usertest', 'usertest@ncc.com', NULL, '$2y$10$6RwXUUewk/HDOxWk19LXCunJ567kFcv7.82rnRVZVMu..DXGBj4YW', NULL, '2021-03-19 09:27:30', '2021-03-22 04:39:07');

-- --------------------------------------------------------

--
-- Table structure for table `win2d3d4d5d6ds`
--

CREATE TABLE `win2d3d4d5d6ds` (
  `id` bigint(20) UNSIGNED NOT NULL,
  `created_at` timestamp NULL DEFAULT NULL,
  `updated_at` timestamp NULL DEFAULT NULL
) ENGINE=InnoDB DEFAULT CHARSET=utf8mb4 COLLATE=utf8mb4_unicode_ci;

-- --------------------------------------------------------

--
-- Table structure for table `win340s`
--

CREATE TABLE `win340s` (
  `id` bigint(20) UNSIGNED NOT NULL,
  `created_at` timestamp NULL DEFAULT NULL,
  `updated_at` timestamp NULL DEFAULT NULL
) ENGINE=InnoDB DEFAULT CHARSET=utf8mb4 COLLATE=utf8mb4_unicode_ci;

--
-- Indexes for dumped tables
--

--
-- Indexes for table `animals`
--
ALTER TABLE `animals`
  ADD PRIMARY KEY (`id`);

--
-- Indexes for table `animal_nos`
--
ALTER TABLE `animal_nos`
  ADD PRIMARY KEY (`id`),
  ADD UNIQUE KEY `animal_nos_animal_digit_unique` (`animal_digit`),
  ADD KEY `animal_nos_animal_id_foreign` (`animal_id`);

--
-- Indexes for table `billorder2d3d4d5d6ds`
--
ALTER TABLE `billorder2d3d4d5d6ds`
  ADD PRIMARY KEY (`id`),
  ADD KEY `billorder2d3d4d5d6ds_order_id_foreign` (`order_id`);

--
-- Indexes for table `billorder340s`
--
ALTER TABLE `billorder340s`
  ADD PRIMARY KEY (`id`),
  ADD KEY `billorder340s_order_id_foreign` (`order_id`);

--
-- Indexes for table `bills`
--
ALTER TABLE `bills`
  ADD PRIMARY KEY (`id`);

--
-- Indexes for table `bill_orders`
--
ALTER TABLE `bill_orders`
  ADD PRIMARY KEY (`id`);

--
-- Indexes for table `customers`
--
ALTER TABLE `customers`
  ADD PRIMARY KEY (`id`),
  ADD UNIQUE KEY `customers_phone_unique` (`phone`);

--
-- Indexes for table `customer__notifications`
--
ALTER TABLE `customer__notifications`
  ADD PRIMARY KEY (`id`),
  ADD KEY `customer__notifications_customer_id_foreign` (`customer_id`),
  ADD KEY `customer__notifications_notification_id_foreign` (`notification_id`);

--
-- Indexes for table `dreamtellers`
--
ALTER TABLE `dreamtellers`
  ADD PRIMARY KEY (`id`);

--
-- Indexes for table `dreamteller_images`
--
ALTER TABLE `dreamteller_images`
  ADD PRIMARY KEY (`id`);

--
-- Indexes for table `failed_jobs`
--
ALTER TABLE `failed_jobs`
  ADD PRIMARY KEY (`id`),
  ADD UNIQUE KEY `failed_jobs_uuid_unique` (`uuid`);

--
-- Indexes for table `migrations`
--
ALTER TABLE `migrations`
  ADD PRIMARY KEY (`id`);

--
-- Indexes for table `model_has_permissions`
--
ALTER TABLE `model_has_permissions`
  ADD PRIMARY KEY (`permission_id`,`model_id`,`model_type`),
  ADD KEY `model_has_permissions_model_id_model_type_index` (`model_id`,`model_type`);

--
-- Indexes for table `model_has_roles`
--
ALTER TABLE `model_has_roles`
  ADD PRIMARY KEY (`role_id`,`model_id`,`model_type`),
  ADD KEY `model_has_roles_model_id_model_type_index` (`model_id`,`model_type`);

--
-- Indexes for table `notifications`
--
ALTER TABLE `notifications`
  ADD PRIMARY KEY (`id`);

--
-- Indexes for table `o_t_p_s`
--
ALTER TABLE `o_t_p_s`
  ADD PRIMARY KEY (`id`),
  ADD KEY `o_t_p_s_customer_id_foreign` (`customer_id`);

--
-- Indexes for table `password_resets`
--
ALTER TABLE `password_resets`
  ADD KEY `password_resets_email_index` (`email`);

--
-- Indexes for table `permissions`
--
ALTER TABLE `permissions`
  ADD PRIMARY KEY (`id`),
  ADD UNIQUE KEY `permissions_name_guard_name_unique` (`name`,`guard_name`);

--
-- Indexes for table `personal_access_tokens`
--
ALTER TABLE `personal_access_tokens`
  ADD PRIMARY KEY (`id`),
  ADD UNIQUE KEY `personal_access_tokens_token_unique` (`token`),
  ADD KEY `personal_access_tokens_tokenable_type_tokenable_id_index` (`tokenable_type`,`tokenable_id`);

--
-- Indexes for table `promotions`
--
ALTER TABLE `promotions`
  ADD PRIMARY KEY (`id`);

--
-- Indexes for table `providers`
--
ALTER TABLE `providers`
  ADD PRIMARY KEY (`id`),
  ADD UNIQUE KEY `providers_provider_name_unique` (`provider_name`);

--
-- Indexes for table `recomment_images`
--
ALTER TABLE `recomment_images`
  ADD PRIMARY KEY (`id`),
  ADD KEY `recomment_images_recommend_id_foreign` (`recommend_id`);

--
-- Indexes for table `recomment_lottos`
--
ALTER TABLE `recomment_lottos`
  ADD PRIMARY KEY (`id`);

--
-- Indexes for table `results`
--
ALTER TABLE `results`
  ADD PRIMARY KEY (`id`),
  ADD UNIQUE KEY `results_draw_unique` (`draw`);

--
-- Indexes for table `roles`
--
ALTER TABLE `roles`
  ADD PRIMARY KEY (`id`),
  ADD UNIQUE KEY `roles_name_guard_name_unique` (`name`,`guard_name`);

--
-- Indexes for table `role_has_permissions`
--
ALTER TABLE `role_has_permissions`
  ADD PRIMARY KEY (`permission_id`,`role_id`),
  ADD KEY `role_has_permissions_role_id_foreign` (`role_id`);

--
-- Indexes for table `save_order6ds`
--
ALTER TABLE `save_order6ds`
  ADD PRIMARY KEY (`id`);

--
-- Indexes for table `type__notifications`
--
ALTER TABLE `type__notifications`
  ADD PRIMARY KEY (`id`);

--
-- Indexes for table `users`
--
ALTER TABLE `users`
  ADD PRIMARY KEY (`id`),
  ADD UNIQUE KEY `users_email_unique` (`email`);

--
-- Indexes for table `win2d3d4d5d6ds`
--
ALTER TABLE `win2d3d4d5d6ds`
  ADD PRIMARY KEY (`id`);

--
-- Indexes for table `win340s`
--
ALTER TABLE `win340s`
  ADD PRIMARY KEY (`id`);

--
-- AUTO_INCREMENT for dumped tables
--

--
-- AUTO_INCREMENT for table `animals`
--
ALTER TABLE `animals`
  MODIFY `id` bigint(20) UNSIGNED NOT NULL AUTO_INCREMENT, AUTO_INCREMENT=41;

--
-- AUTO_INCREMENT for table `animal_nos`
--
ALTER TABLE `animal_nos`
  MODIFY `id` bigint(20) UNSIGNED NOT NULL AUTO_INCREMENT, AUTO_INCREMENT=101;

--
-- AUTO_INCREMENT for table `billorder2d3d4d5d6ds`
--
ALTER TABLE `billorder2d3d4d5d6ds`
  MODIFY `id` bigint(20) UNSIGNED NOT NULL AUTO_INCREMENT, AUTO_INCREMENT=1040;

--
-- AUTO_INCREMENT for table `billorder340s`
--
ALTER TABLE `billorder340s`
  MODIFY `id` bigint(20) UNSIGNED NOT NULL AUTO_INCREMENT, AUTO_INCREMENT=214;

--
-- AUTO_INCREMENT for table `bills`
--
ALTER TABLE `bills`
  MODIFY `id` bigint(20) UNSIGNED NOT NULL AUTO_INCREMENT, AUTO_INCREMENT=63;

--
-- AUTO_INCREMENT for table `bill_orders`
--
ALTER TABLE `bill_orders`
  MODIFY `id` bigint(20) UNSIGNED NOT NULL AUTO_INCREMENT, AUTO_INCREMENT=401;

--
-- AUTO_INCREMENT for table `customers`
--
ALTER TABLE `customers`
  MODIFY `id` bigint(20) UNSIGNED NOT NULL AUTO_INCREMENT, AUTO_INCREMENT=61;

--
-- AUTO_INCREMENT for table `customer__notifications`
--
ALTER TABLE `customer__notifications`
  MODIFY `id` bigint(20) UNSIGNED NOT NULL AUTO_INCREMENT, AUTO_INCREMENT=637;

--
-- AUTO_INCREMENT for table `dreamtellers`
--
ALTER TABLE `dreamtellers`
  MODIFY `id` bigint(20) UNSIGNED NOT NULL AUTO_INCREMENT, AUTO_INCREMENT=10;

--
-- AUTO_INCREMENT for table `dreamteller_images`
--
ALTER TABLE `dreamteller_images`
  MODIFY `id` bigint(20) UNSIGNED NOT NULL AUTO_INCREMENT, AUTO_INCREMENT=10;

--
-- AUTO_INCREMENT for table `failed_jobs`
--
ALTER TABLE `failed_jobs`
  MODIFY `id` bigint(20) UNSIGNED NOT NULL AUTO_INCREMENT;

--
-- AUTO_INCREMENT for table `migrations`
--
ALTER TABLE `migrations`
  MODIFY `id` int(10) UNSIGNED NOT NULL AUTO_INCREMENT, AUTO_INCREMENT=78;

--
-- AUTO_INCREMENT for table `notifications`
--
ALTER TABLE `notifications`
  MODIFY `id` bigint(20) UNSIGNED NOT NULL AUTO_INCREMENT, AUTO_INCREMENT=554;

--
-- AUTO_INCREMENT for table `o_t_p_s`
--
ALTER TABLE `o_t_p_s`
  MODIFY `id` bigint(20) UNSIGNED NOT NULL AUTO_INCREMENT, AUTO_INCREMENT=49;

--
-- AUTO_INCREMENT for table `permissions`
--
ALTER TABLE `permissions`
  MODIFY `id` bigint(20) UNSIGNED NOT NULL AUTO_INCREMENT, AUTO_INCREMENT=33;

--
-- AUTO_INCREMENT for table `personal_access_tokens`
--
ALTER TABLE `personal_access_tokens`
  MODIFY `id` bigint(20) UNSIGNED NOT NULL AUTO_INCREMENT, AUTO_INCREMENT=273;

--
-- AUTO_INCREMENT for table `promotions`
--
ALTER TABLE `promotions`
  MODIFY `id` bigint(20) UNSIGNED NOT NULL AUTO_INCREMENT, AUTO_INCREMENT=4;

--
-- AUTO_INCREMENT for table `providers`
--
ALTER TABLE `providers`
  MODIFY `id` bigint(20) UNSIGNED NOT NULL AUTO_INCREMENT, AUTO_INCREMENT=2;

--
-- AUTO_INCREMENT for table `recomment_images`
--
ALTER TABLE `recomment_images`
  MODIFY `id` bigint(20) UNSIGNED NOT NULL AUTO_INCREMENT, AUTO_INCREMENT=60;

--
-- AUTO_INCREMENT for table `recomment_lottos`
--
ALTER TABLE `recomment_lottos`
  MODIFY `id` bigint(20) UNSIGNED NOT NULL AUTO_INCREMENT, AUTO_INCREMENT=8;

--
-- AUTO_INCREMENT for table `results`
--
ALTER TABLE `results`
  MODIFY `id` bigint(20) UNSIGNED NOT NULL AUTO_INCREMENT, AUTO_INCREMENT=34;

--
-- AUTO_INCREMENT for table `roles`
--
ALTER TABLE `roles`
  MODIFY `id` bigint(20) UNSIGNED NOT NULL AUTO_INCREMENT, AUTO_INCREMENT=4;

--
-- AUTO_INCREMENT for table `save_order6ds`
--
ALTER TABLE `save_order6ds`
  MODIFY `id` bigint(20) UNSIGNED NOT NULL AUTO_INCREMENT, AUTO_INCREMENT=149;

--
-- AUTO_INCREMENT for table `type__notifications`
--
ALTER TABLE `type__notifications`
  MODIFY `id` bigint(20) UNSIGNED NOT NULL AUTO_INCREMENT, AUTO_INCREMENT=6;

--
-- AUTO_INCREMENT for table `users`
--
ALTER TABLE `users`
  MODIFY `id` bigint(20) UNSIGNED NOT NULL AUTO_INCREMENT, AUTO_INCREMENT=11;

--
-- AUTO_INCREMENT for table `win2d3d4d5d6ds`
--
ALTER TABLE `win2d3d4d5d6ds`
  MODIFY `id` bigint(20) UNSIGNED NOT NULL AUTO_INCREMENT;

--
-- AUTO_INCREMENT for table `win340s`
--
ALTER TABLE `win340s`
  MODIFY `id` bigint(20) UNSIGNED NOT NULL AUTO_INCREMENT;

--
-- Constraints for dumped tables
--

--
-- Constraints for table `animal_nos`
--
ALTER TABLE `animal_nos`
  ADD CONSTRAINT `animal_nos_animal_id_foreign` FOREIGN KEY (`animal_id`) REFERENCES `animals` (`id`) ON DELETE CASCADE;

--
-- Constraints for table `billorder2d3d4d5d6ds`
--
ALTER TABLE `billorder2d3d4d5d6ds`
  ADD CONSTRAINT `billorder2d3d4d5d6ds_order_id_foreign` FOREIGN KEY (`order_id`) REFERENCES `bill_orders` (`id`) ON DELETE CASCADE;

--
-- Constraints for table `billorder340s`
--
ALTER TABLE `billorder340s`
  ADD CONSTRAINT `billorder340s_order_id_foreign` FOREIGN KEY (`order_id`) REFERENCES `bill_orders` (`id`) ON DELETE CASCADE;

--
-- Constraints for table `customer__notifications`
--
ALTER TABLE `customer__notifications`
  ADD CONSTRAINT `customer__notifications_customer_id_foreign` FOREIGN KEY (`customer_id`) REFERENCES `customers` (`id`) ON DELETE CASCADE,
  ADD CONSTRAINT `customer__notifications_notification_id_foreign` FOREIGN KEY (`notification_id`) REFERENCES `notifications` (`id`) ON DELETE CASCADE;

--
-- Constraints for table `model_has_permissions`
--
ALTER TABLE `model_has_permissions`
  ADD CONSTRAINT `model_has_permissions_permission_id_foreign` FOREIGN KEY (`permission_id`) REFERENCES `permissions` (`id`) ON DELETE CASCADE;

--
-- Constraints for table `model_has_roles`
--
ALTER TABLE `model_has_roles`
  ADD CONSTRAINT `model_has_roles_role_id_foreign` FOREIGN KEY (`role_id`) REFERENCES `roles` (`id`) ON DELETE CASCADE;

--
-- Constraints for table `o_t_p_s`
--
ALTER TABLE `o_t_p_s`
  ADD CONSTRAINT `o_t_p_s_customer_id_foreign` FOREIGN KEY (`customer_id`) REFERENCES `customers` (`id`) ON DELETE CASCADE;

--
-- Constraints for table `recomment_images`
--
ALTER TABLE `recomment_images`
  ADD CONSTRAINT `recomment_images_recommend_id_foreign` FOREIGN KEY (`recommend_id`) REFERENCES `recomment_lottos` (`id`) ON DELETE CASCADE;

--
-- Constraints for table `role_has_permissions`
--
ALTER TABLE `role_has_permissions`
  ADD CONSTRAINT `role_has_permissions_permission_id_foreign` FOREIGN KEY (`permission_id`) REFERENCES `permissions` (`id`) ON DELETE CASCADE,
  ADD CONSTRAINT `role_has_permissions_role_id_foreign` FOREIGN KEY (`role_id`) REFERENCES `roles` (`id`) ON DELETE CASCADE;
COMMIT;

/*!40101 SET CHARACTER_SET_CLIENT=@OLD_CHARACTER_SET_CLIENT */;
/*!40101 SET CHARACTER_SET_RESULTS=@OLD_CHARACTER_SET_RESULTS */;
/*!40101 SET COLLATION_CONNECTION=@OLD_COLLATION_CONNECTION */;
